address,city,state,postal_code,price,facts and features,real estate provider,url,title,property_info,img,zestimate,daysOnZillow,rentZestimate,lat,long
"2671 Bedford Rd, Ann Arbor, MI 48104",Ann Arbor,MI,48104,1095000.0,"3 bds, 3.0 ba ,2883 sqft",Reinhart Realtors,https://www.zillow.com/homedetails/2671-Bedford-Rd-Ann-Arbor-MI-48104/24709653_zpid/,House for sale,"{'zpid': 24709653, 'streetAddress': '2671 Bedford Rd', 'zipcode': '48104', 'city': 'Ann Arbor', 'state': 'MI', 'latitude': 42.262878, 'longitude': -83.70838, 'price': 1095000.0, 'dateSold': 1568271600000, 'bathrooms': 3.0, 'bedrooms': 3.0, 'livingArea': 2883.0, 'homeType': 'SINGLE_FAMILY', 'homeStatus': 'FOR_SALE', 'photoCount': 38, 'imageLink': 'https://photos.zillowstatic.com/p_g/IS7ui0mykrwfj30000000000.jpg', 'daysOnZillow': 58, 'isFeatured': False, 'shouldHighlight': False, 'brokerId': 5653, 'zestimate': 1084874, 'rentZestimate': 3000, 'listing_sub_type': {'is_openHouse': True, 'is_FSBA': True}, 'openHouse': 'Sun. 2-4pm', 'isUnmappable': False, 'mediumImageLink': 'https://photos.zillowstatic.com/p_c/IS7ui0mykrwfj30000000000.jpg', 'isPreforeclosureAuction': False, 'homeStatusForHDP': 'FOR_SALE', 'priceForHDP': 1095000.0, 'open_house_info': {'open_house_showing': [{'open_house_start': 1598216400000, 'open_house_end': 1598223600000}]}, 'timeOnZillow': 1592949660000, 'hiResImageLink': 'https://photos.zillowstatic.com/p_f/IS7ui0mykrwfj30000000000.jpg', 'watchImageLink': 'https://photos.zillowstatic.com/p_j/IS7ui0mykrwfj30000000000.jpg', 'tvImageLink': 'https://photos.zillowstatic.com/p_m/IS7ui0mykrwfj30000000000.jpg', 'tvCollectionImageLink': 'https://photos.zillowstatic.com/p_l/IS7ui0mykrwfj30000000000.jpg', 'tvHighResImageLink': 'https://photos.zillowstatic.com/p_n/IS7ui0mykrwfj30000000000.jpg', 'desktopWebHdpImageLink': 'https://photos.zillowstatic.com/p_h/IS7ui0mykrwfj30000000000.jpg', 'isNonOwnerOccupied': True, 'isPremierBuilder': False, 'isZillowOwned': False, 'currency': 'USD', 'country': 'USA', 'taxAssessedValue': 627000.0}",https://photos.zillowstatic.com/p_e/IS7ui0mykrwfj30000000000.jpg,1084874.0,58,3000.0,42.262878,-83.70838
"2545 N Madrono Ct, Ann Arbor, MI 48103",Ann Arbor,MI,48103,251500.0,"3 bds, 2.0 ba ,1412 sqft",Reinhart Realtors,https://www.zillow.com/homedetails/2545-N-Madrono-Ct-Ann-Arbor-MI-48103/24727569_zpid/,House for sale,"{'zpid': 24727569, 'streetAddress': '2545 N Madrono Ct', 'zipcode': '48103', 'city': 'Ann Arbor', 'state': 'MI', 'latitude': 42.247196, 'longitude': -83.874393, 'price': 251500.0, 'dateSold': 1262160000000, 'bathrooms': 2.0, 'bedrooms': 3.0, 'livingArea': 1412.0, 'homeType': 'SINGLE_FAMILY', 'homeStatus': 'FOR_SALE', 'photoCount': 37, 'imageLink': 'https://photos.zillowstatic.com/p_g/ISzv2rm88fhn6d0000000000.jpg', 'daysOnZillow': 2, 'isFeatured': False, 'shouldHighlight': False, 'brokerId': 5653, 'zestimate': 251500, 'rentZestimate': 1850, 'listing_sub_type': {'is_FSBA': True}, 'isUnmappable': False, 'mediumImageLink': 'https://photos.zillowstatic.com/p_c/ISzv2rm88fhn6d0000000000.jpg', 'isPreforeclosureAuction': False, 'homeStatusForHDP': 'FOR_SALE', 'priceForHDP': 251500.0, 'timeOnZillow': 1597744860000, 'hiResImageLink': 'https://photos.zillowstatic.com/p_f/ISzv2rm88fhn6d0000000000.jpg', 'watchImageLink': 'https://photos.zillowstatic.com/p_j/ISzv2rm88fhn6d0000000000.jpg', 'tvImageLink': 'https://photos.zillowstatic.com/p_m/ISzv2rm88fhn6d0000000000.jpg', 'tvCollectionImageLink': 'https://photos.zillowstatic.com/p_l/ISzv2rm88fhn6d0000000000.jpg', 'tvHighResImageLink': 'https://photos.zillowstatic.com/p_n/ISzv2rm88fhn6d0000000000.jpg', 'desktopWebHdpImageLink': 'https://photos.zillowstatic.com/p_h/ISzv2rm88fhn6d0000000000.jpg', 'isNonOwnerOccupied': True, 'isPremierBuilder': False, 'isZillowOwned': False, 'currency': 'USD', 'country': 'USA', 'taxAssessedValue': 188000.0}",https://photos.zillowstatic.com/p_e/ISzv2rm88fhn6d0000000000.jpg,251500.0,2,1850.0,42.247196,-83.874393
"1684 Warren Rd, Ann Arbor, MI 48105",Ann Arbor,MI,48105,340000.0,"3 bds, 2.0 ba ,2168 sqft",Keller Williams Ann Arbor,https://www.zillow.com/homedetails/1684-Warren-Rd-Ann-Arbor-MI-48105/24691995_zpid/,House for sale,"{'zpid': 24691995, 'streetAddress': '1684 Warren Rd', 'zipcode': '48105', 'city': 'Ann Arbor', 'state': 'MI', 'latitude': 42.330421, 'longitude': -83.730478, 'price': 340000.0, 'dateSold': 1467183600000, 'bathrooms': 2.0, 'bedrooms': 3.0, 'livingArea': 2168.0, 'homeType': 'SINGLE_FAMILY', 'homeStatus': 'FOR_SALE', 'photoCount': 32, 'imageLink': 'https://photos.zillowstatic.com/p_g/ISjvzrnem3nd8h1000000000.jpg', 'daysOnZillow': 6, 'isFeatured': False, 'shouldHighlight': False, 'brokerId': 15050, 'zestimate': 340000, 'rentZestimate': 2200, 'listing_sub_type': {'is_FSBA': True}, 'isUnmappable': False, 'mediumImageLink': 'https://photos.zillowstatic.com/p_c/ISjvzrnem3nd8h1000000000.jpg', 'isPreforeclosureAuction': False, 'homeStatusForHDP': 'FOR_SALE', 'priceForHDP': 340000.0, 'timeOnZillow': 1597438680000, 'hiResImageLink': 'https://photos.zillowstatic.com/p_f/ISjvzrnem3nd8h1000000000.jpg', 'watchImageLink': 'https://photos.zillowstatic.com/p_j/ISjvzrnem3nd8h1000000000.jpg', 'tvImageLink': 'https://photos.zillowstatic.com/p_m/ISjvzrnem3nd8h1000000000.jpg', 'tvCollectionImageLink': 'https://photos.zillowstatic.com/p_l/ISjvzrnem3nd8h1000000000.jpg', 'tvHighResImageLink': 'https://photos.zillowstatic.com/p_n/ISjvzrnem3nd8h1000000000.jpg', 'desktopWebHdpImageLink': 'https://photos.zillowstatic.com/p_h/ISjvzrnem3nd8h1000000000.jpg', 'isNonOwnerOccupied': True, 'isPremierBuilder': False, 'isZillowOwned': False, 'currency': 'USD', 'country': 'USA', 'taxAssessedValue': 239520.0}",https://photos.zillowstatic.com/p_e/ISjvzrnem3nd8h1000000000.jpg,340000.0,6,2200.0,42.330421,-83.730478
"550 Burswood Ct, Ann Arbor, MI 48103",Ann Arbor,MI,48103,525000.0,"4 bds, 4.0 ba ,2398 sqft",Coldwell Banker Weir Manuel-AA,https://www.zillow.com/homedetails/550-Burswood-Ct-Ann-Arbor-MI-48103/54800638_zpid/,House for sale,"{'zpid': 54800638, 'streetAddress': '550 Burswood Ct', 'zipcode': '48103', 'city': 'Ann Arbor', 'state': 'MI', 'latitude': 42.279077, 'longitude': -83.832891, 'price': 525000.0, 'dateSold': 994662000000, 'bathrooms': 4.0, 'bedrooms': 4.0, 'livingArea': 2398.0, 'homeType': 'SINGLE_FAMILY', 'homeStatus': 'FOR_SALE', 'photoCount': 53, 'imageLink': 'https://photos.zillowstatic.com/p_g/ISb9td0yirovqn1000000000.jpg', 'daysOnZillow': 2, 'isFeatured': False, 'shouldHighlight': False, 'brokerId': 13886, 'zestimate': 525000, 'rentZestimate': 2750, 'listing_sub_type': {'is_FSBA': True}, 'isUnmappable': False, 'mediumImageLink': 'https://photos.zillowstatic.com/p_c/ISb9td0yirovqn1000000000.jpg', 'isPreforeclosureAuction': False, 'homeStatusForHDP': 'FOR_SALE', 'priceForHDP': 525000.0, 'timeOnZillow': 1597780860000, 'hiResImageLink': 'https://photos.zillowstatic.com/p_f/ISb9td0yirovqn1000000000.jpg', 'watchImageLink': 'https://photos.zillowstatic.com/p_j/ISb9td0yirovqn1000000000.jpg', 'tvImageLink': 'https://photos.zillowstatic.com/p_m/ISb9td0yirovqn1000000000.jpg', 'tvCollectionImageLink': 'https://photos.zillowstatic.com/p_l/ISb9td0yirovqn1000000000.jpg', 'tvHighResImageLink': 'https://photos.zillowstatic.com/p_n/ISb9td0yirovqn1000000000.jpg', 'desktopWebHdpImageLink': 'https://photos.zillowstatic.com/p_h/ISb9td0yirovqn1000000000.jpg', 'isNonOwnerOccupied': True, 'isPremierBuilder': False, 'isZillowOwned': False, 'currency': 'USD', 'country': 'USA', 'taxAssessedValue': 509200.0}",https://photos.zillowstatic.com/p_e/ISb9td0yirovqn1000000000.jpg,525000.0,2,2750.0,42.279077,-83.832891
"2163 Pauline Ct, Ann Arbor, MI 48103",Ann Arbor,MI,48103,269900.0,"3 bds, 3.0 ba ,1652 sqft",Real Estate One,https://www.zillow.com/homedetails/2163-Pauline-Ct-Ann-Arbor-MI-48103/24704812_zpid/,Condo for sale,"{'zpid': 24704812, 'streetAddress': '2163 Pauline Ct', 'zipcode': '48103', 'city': 'Ann Arbor', 'state': 'MI', 'latitude': 42.266589, 'longitude': -83.775756, 'price': 269900.0, 'dateSold': 1052118000000, 'bathrooms': 3.0, 'bedrooms': 3.0, 'livingArea': 1652.0, 'homeType': 'CONDO', 'homeStatus': 'FOR_SALE', 'photoCount': 59, 'imageLink': 'https://photos.zillowstatic.com/p_g/ISv8yomtppxgc71000000000.jpg', 'daysOnZillow': 2, 'isFeatured': False, 'shouldHighlight': False, 'brokerId': 8330, 'zestimate': 269901, 'rentZestimate': 1625, 'listing_sub_type': {'is_FSBA': True}, 'isUnmappable': False, 'mediumImageLink': 'https://photos.zillowstatic.com/p_c/ISv8yomtppxgc71000000000.jpg', 'isPreforeclosureAuction': False, 'homeStatusForHDP': 'FOR_SALE', 'priceForHDP': 269900.0, 'timeOnZillow': 1597773780000, 'hiResImageLink': 'https://photos.zillowstatic.com/p_f/ISv8yomtppxgc71000000000.jpg', 'watchImageLink': 'https://photos.zillowstatic.com/p_j/ISv8yomtppxgc71000000000.jpg', 'tvImageLink': 'https://photos.zillowstatic.com/p_m/ISv8yomtppxgc71000000000.jpg', 'tvCollectionImageLink': 'https://photos.zillowstatic.com/p_l/ISv8yomtppxgc71000000000.jpg', 'tvHighResImageLink': 'https://photos.zillowstatic.com/p_n/ISv8yomtppxgc71000000000.jpg', 'desktopWebHdpImageLink': 'https://photos.zillowstatic.com/p_h/ISv8yomtppxgc71000000000.jpg', 'isNonOwnerOccupied': True, 'isPremierBuilder': False, 'isZillowOwned': False, 'currency': 'USD', 'country': 'USA', 'taxAssessedValue': 200400.0}",https://photos.zillowstatic.com/p_e/ISv8yomtppxgc71000000000.jpg,269901.0,2,1625.0,42.266589,-83.775756
"670 Florence St, Ann Arbor, MI 48103",Ann Arbor,MI,48103,575000.0,"4 bds, 3.0 ba ,3367 sqft",Keller Williams Ann Arbor,https://www.zillow.com/homedetails/670-Florence-St-Ann-Arbor-MI-48103/24690070_zpid/,House for sale,"{'zpid': 24690070, 'streetAddress': '670 Florence St', 'zipcode': '48103', 'city': 'Ann Arbor', 'state': 'MI', 'latitude': 42.294891, 'longitude': -83.831993, 'price': 575000.0, 'dateSold': 913708800000, 'bathrooms': 3.0, 'bedrooms': 4.0, 'livingArea': 3367.0, 'homeType': 'SINGLE_FAMILY', 'homeStatus': 'FOR_SALE', 'photoCount': 48, 'imageLink': 'https://photos.zillowstatic.com/p_g/ISj7t295yqrbsh0000000000.jpg', 'daysOnZillow': 8, 'isFeatured': False, 'shouldHighlight': False, 'brokerId': 15050, 'zestimate': 571297, 'rentZestimate': 2950, 'listing_sub_type': {'is_FSBA': True}, 'isUnmappable': False, 'mediumImageLink': 'https://photos.zillowstatic.com/p_c/ISj7t295yqrbsh0000000000.jpg', 'isPreforeclosureAuction': False, 'homeStatusForHDP': 'FOR_SALE', 'priceForHDP': 575000.0, 'timeOnZillow': 1597267380000, 'hiResImageLink': 'https://photos.zillowstatic.com/p_f/ISj7t295yqrbsh0000000000.jpg', 'watchImageLink': 'https://photos.zillowstatic.com/p_j/ISj7t295yqrbsh0000000000.jpg', 'tvImageLink': 'https://photos.zillowstatic.com/p_m/ISj7t295yqrbsh0000000000.jpg', 'tvCollectionImageLink': 'https://photos.zillowstatic.com/p_l/ISj7t295yqrbsh0000000000.jpg', 'tvHighResImageLink': 'https://photos.zillowstatic.com/p_n/ISj7t295yqrbsh0000000000.jpg', 'desktopWebHdpImageLink': 'https://photos.zillowstatic.com/p_h/ISj7t295yqrbsh0000000000.jpg', 'isNonOwnerOccupied': True, 'isPremierBuilder': False, 'isZillowOwned': False, 'currency': 'USD', 'country': 'USA', 'taxAssessedValue': 524000.0}",https://photos.zillowstatic.com/p_e/ISj7t295yqrbsh0000000000.jpg,571297.0,8,2950.0,42.294891,-83.831993
"1010 Baldwin Ave, Ann Arbor, MI 48104",Ann Arbor,MI,48104,785000.0,"4 bds, 4.0 ba ,2257 sqft",Reinhart Realtors,https://www.zillow.com/homedetails/1010-Baldwin-Ave-Ann-Arbor-MI-48104/89557165_zpid/,House for sale,"{'zpid': 89557165, 'streetAddress': '1010 Baldwin Ave', 'zipcode': '48104', 'city': 'Ann Arbor', 'state': 'MI', 'latitude': 42.27036, 'longitude': -83.727359, 'price': 785000.0, 'dateSold': 1374130800000, 'bathrooms': 4.0, 'bedrooms': 4.0, 'livingArea': 2257.0, 'homeType': 'SINGLE_FAMILY', 'homeStatus': 'FOR_SALE', 'photoCount': 50, 'imageLink': 'https://photos.zillowstatic.com/p_g/ISny80oec6th4l1000000000.jpg', 'daysOnZillow': 2, 'isFeatured': False, 'shouldHighlight': False, 'brokerId': 5653, 'zestimate': 785007, 'rentZestimate': 2587, 'listing_sub_type': {'is_FSBA': True}, 'isUnmappable': False, 'mediumImageLink': 'https://photos.zillowstatic.com/p_c/ISny80oec6th4l1000000000.jpg', 'isPreforeclosureAuction': False, 'homeStatusForHDP': 'FOR_SALE', 'priceForHDP': 785000.0, 'timeOnZillow': 1597788060000, 'hiResImageLink': 'https://photos.zillowstatic.com/p_f/ISny80oec6th4l1000000000.jpg', 'watchImageLink': 'https://photos.zillowstatic.com/p_j/ISny80oec6th4l1000000000.jpg', 'tvImageLink': 'https://photos.zillowstatic.com/p_m/ISny80oec6th4l1000000000.jpg', 'tvCollectionImageLink': 'https://photos.zillowstatic.com/p_l/ISny80oec6th4l1000000000.jpg', 'tvHighResImageLink': 'https://photos.zillowstatic.com/p_n/ISny80oec6th4l1000000000.jpg', 'desktopWebHdpImageLink': 'https://photos.zillowstatic.com/p_h/ISny80oec6th4l1000000000.jpg', 'isNonOwnerOccupied': True, 'isPremierBuilder': False, 'isZillowOwned': False, 'currency': 'USD', 'country': 'USA', 'taxAssessedValue': 807000.0}",https://photos.zillowstatic.com/p_e/ISny80oec6th4l1000000000.jpg,785007.0,2,2587.0,42.27036,-83.727359
"1961 Coronada Dr, Ann Arbor, MI 48103",Ann Arbor,MI,48103,300000.0,"3 bds, 2.0 ba ,1472 sqft",Coldwell Banker Weir Manuel,https://www.zillow.com/homedetails/1961-Coronada-Dr-Ann-Arbor-MI-48103/24704765_zpid/,House for sale,"{'zpid': 24704765, 'streetAddress': '1961 Coronada Dr', 'zipcode': '48103', 'city': 'Ann Arbor', 'state': 'MI', 'latitude': 42.26394, 'longitude': -83.773534, 'price': 300000.0, 'dateSold': 1297670400000, 'bathrooms': 2.0, 'bedrooms': 3.0, 'livingArea': 1472.0, 'homeType': 'SINGLE_FAMILY', 'homeStatus': 'FOR_SALE', 'photoCount': 32, 'imageLink': 'https://photos.zillowstatic.com/p_g/ISny4xem0e029e1000000000.jpg', 'daysOnZillow': 52, 'isFeatured': False, 'shouldHighlight': False, 'brokerId': 13899, 'zestimate': 300001, 'rentZestimate': 2000, 'listing_sub_type': {'is_FSBA': True}, 'isUnmappable': False, 'mediumImageLink': 'https://photos.zillowstatic.com/p_c/ISny4xem0e029e1000000000.jpg', 'isPreforeclosureAuction': False, 'homeStatusForHDP': 'FOR_SALE', 'priceForHDP': 300000.0, 'timeOnZillow': 1593443880000, 'hiResImageLink': 'https://photos.zillowstatic.com/p_f/ISny4xem0e029e1000000000.jpg', 'watchImageLink': 'https://photos.zillowstatic.com/p_j/ISny4xem0e029e1000000000.jpg', 'tvImageLink': 'https://photos.zillowstatic.com/p_m/ISny4xem0e029e1000000000.jpg', 'tvCollectionImageLink': 'https://photos.zillowstatic.com/p_l/ISny4xem0e029e1000000000.jpg', 'tvHighResImageLink': 'https://photos.zillowstatic.com/p_n/ISny4xem0e029e1000000000.jpg', 'desktopWebHdpImageLink': 'https://photos.zillowstatic.com/p_h/ISny4xem0e029e1000000000.jpg', 'isNonOwnerOccupied': True, 'isPremierBuilder': False, 'isZillowOwned': False, 'currency': 'USD', 'country': 'USA', 'taxAssessedValue': 275800.0}",https://photos.zillowstatic.com/p_e/ISny4xem0e029e1000000000.jpg,300001.0,52,2000.0,42.26394,-83.773534
"18 Jay Lee Ct, Ann Arbor, MI 48108",Ann Arbor,MI,48108,174900.0,"4 bds, 1.0 ba ,1008 sqft",RE/MAX Platinum,https://www.zillow.com/homedetails/18-Jay-Lee-Ct-Ann-Arbor-MI-48108/24722537_zpid/,House for sale,"{'zpid': 24722537, 'streetAddress': '18 Jay Lee Ct', 'zipcode': '48108', 'city': 'Ann Arbor', 'state': 'MI', 'latitude': 42.232283, 'longitude': -83.716712, 'price': 174900.0, 'bathrooms': 1.0, 'bedrooms': 4.0, 'livingArea': 1008.0, 'homeType': 'SINGLE_FAMILY', 'homeStatus': 'FOR_SALE', 'photoCount': 31, 'imageLink': 'https://photos.zillowstatic.com/p_g/ISv8ikcua4zlmr1000000000.jpg', 'daysOnZillow': 6, 'isFeatured': False, 'shouldHighlight': False, 'brokerId': 16996, 'zestimate': 174901, 'rentZestimate': 1600, 'listing_sub_type': {'is_FSBA': True}, 'isUnmappable': False, 'mediumImageLink': 'https://photos.zillowstatic.com/p_c/ISv8ikcua4zlmr1000000000.jpg', 'isPreforeclosureAuction': False, 'homeStatusForHDP': 'FOR_SALE', 'priceForHDP': 174900.0, 'timeOnZillow': 1597389540000, 'hiResImageLink': 'https://photos.zillowstatic.com/p_f/ISv8ikcua4zlmr1000000000.jpg', 'watchImageLink': 'https://photos.zillowstatic.com/p_j/ISv8ikcua4zlmr1000000000.jpg', 'tvImageLink': 'https://photos.zillowstatic.com/p_m/ISv8ikcua4zlmr1000000000.jpg', 'tvCollectionImageLink': 'https://photos.zillowstatic.com/p_l/ISv8ikcua4zlmr1000000000.jpg', 'tvHighResImageLink': 'https://photos.zillowstatic.com/p_n/ISv8ikcua4zlmr1000000000.jpg', 'desktopWebHdpImageLink': 'https://photos.zillowstatic.com/p_h/ISv8ikcua4zlmr1000000000.jpg', 'isNonOwnerOccupied': True, 'isPremierBuilder': False, 'isZillowOwned': False, 'currency': 'USD', 'country': 'USA', 'taxAssessedValue': 103200.0}",https://photos.zillowstatic.com/p_e/ISv8ikcua4zlmr1000000000.jpg,174901.0,6,1600.0,42.232283,-83.716712
"2380 Gale Rd, Ann Arbor, MI 48105",Ann Arbor,MI,48105,799000.0,"4 bds, 4.0 ba ,2500 sqft",ClaudellaJones.com,https://www.zillow.com/homedetails/2380-Gale-Rd-Ann-Arbor-MI-48105/54803226_zpid/,House for sale,"{'zpid': 54803226, 'streetAddress': '2380 Gale Rd', 'zipcode': '48105', 'city': 'Ann Arbor', 'state': 'MI', 'latitude': 42.285702, 'longitude': -83.651589, 'price': 799000.0, 'bathrooms': 4.0, 'bedrooms': 4.0, 'livingArea': 2500.0, 'homeType': 'SINGLE_FAMILY', 'homeStatus': 'FOR_SALE', 'photoCount': 63, 'imageLink': 'https://photos.zillowstatic.com/p_g/ISrxa4xnbfvapo0000000000.jpg', 'daysOnZillow': 1, 'isFeatured': False, 'shouldHighlight': False, 'brokerId': 13899, 'zestimate': 833000, 'rentZestimate': 3619, 'listing_sub_type': {'is_FSBA': True}, 'isUnmappable': False, 'mediumImageLink': 'https://photos.zillowstatic.com/p_c/ISrxa4xnbfvapo0000000000.jpg', 'isPreforeclosureAuction': False, 'homeStatusForHDP': 'FOR_SALE', 'priceForHDP': 799000.0, 'timeOnZillow': 1597843740000, 'hiResImageLink': 'https://photos.zillowstatic.com/p_f/ISrxa4xnbfvapo0000000000.jpg', 'watchImageLink': 'https://photos.zillowstatic.com/p_j/ISrxa4xnbfvapo0000000000.jpg', 'tvImageLink': 'https://photos.zillowstatic.com/p_m/ISrxa4xnbfvapo0000000000.jpg', 'tvCollectionImageLink': 'https://photos.zillowstatic.com/p_l/ISrxa4xnbfvapo0000000000.jpg', 'tvHighResImageLink': 'https://photos.zillowstatic.com/p_n/ISrxa4xnbfvapo0000000000.jpg', 'desktopWebHdpImageLink': 'https://photos.zillowstatic.com/p_h/ISrxa4xnbfvapo0000000000.jpg', 'isNonOwnerOccupied': True, 'isPremierBuilder': False, 'isZillowOwned': False, 'currency': 'USD', 'country': 'USA', 'taxAssessedValue': 516400.0}",https://photos.zillowstatic.com/p_e/ISrxa4xnbfvapo0000000000.jpg,833000.0,1,3619.0,42.285702,-83.651589
"2613 Hampshire Rd, Ann Arbor, MI 48104",Ann Arbor,MI,48104,239900.0,"3 bds, 2.0 ba ,1446 sqft",Berkshire Hathaway HomeSvcs.,https://www.zillow.com/homedetails/2613-Hampshire-Rd-Ann-Arbor-MI-48104/24717857_zpid/,House for sale,"{'zpid': 24717857, 'streetAddress': '2613 Hampshire Rd', 'zipcode': '48104', 'city': 'Ann Arbor', 'state': 'MI', 'latitude': 42.250351, 'longitude': -83.701605, 'price': 239900.0, 'dateSold': 1044950400000, 'bathrooms': 2.0, 'bedrooms': 3.0, 'livingArea': 1446.0, 'homeType': 'SINGLE_FAMILY', 'homeStatus': 'FOR_SALE', 'photoCount': 27, 'imageLink': 'https://photos.zillowstatic.com/p_g/ISb9tdwi0osqxi0000000000.jpg', 'daysOnZillow': 24, 'isFeatured': False, 'shouldHighlight': False, 'brokerId': 13899, 'zestimate': 239901, 'rentZestimate': 1950, 'listing_sub_type': {'is_FSBA': True}, 'isUnmappable': False, 'mediumImageLink': 'https://photos.zillowstatic.com/p_c/ISb9tdwi0osqxi0000000000.jpg', 'isPreforeclosureAuction': False, 'homeStatusForHDP': 'FOR_SALE', 'priceForHDP': 239900.0, 'timeOnZillow': 1595880780000, 'hiResImageLink': 'https://photos.zillowstatic.com/p_f/ISb9tdwi0osqxi0000000000.jpg', 'watchImageLink': 'https://photos.zillowstatic.com/p_j/ISb9tdwi0osqxi0000000000.jpg', 'tvImageLink': 'https://photos.zillowstatic.com/p_m/ISb9tdwi0osqxi0000000000.jpg', 'tvCollectionImageLink': 'https://photos.zillowstatic.com/p_l/ISb9tdwi0osqxi0000000000.jpg', 'tvHighResImageLink': 'https://photos.zillowstatic.com/p_n/ISb9tdwi0osqxi0000000000.jpg', 'desktopWebHdpImageLink': 'https://photos.zillowstatic.com/p_h/ISb9tdwi0osqxi0000000000.jpg', 'isNonOwnerOccupied': True, 'isPremierBuilder': False, 'isZillowOwned': False, 'currency': 'USD', 'country': 'USA', 'taxAssessedValue': 228800.0}",https://photos.zillowstatic.com/p_e/ISb9tdwi0osqxi0000000000.jpg,239901.0,24,1950.0,42.250351,-83.701605
"2877 Deake Ave, Ann Arbor, MI 48108",Ann Arbor,MI,48108,325000.0,"4 bds, 2.0 ba ,1742 sqft",RE/MAX Home Sale Services,https://www.zillow.com/homedetails/2877-Deake-Ave-Ann-Arbor-MI-48108/24716244_zpid/,House for sale,"{'zpid': 24716244, 'streetAddress': '2877 Deake Ave', 'zipcode': '48108', 'city': 'Ann Arbor', 'state': 'MI', 'latitude': 42.245761, 'longitude': -83.6673, 'price': 325000.0, 'dateSold': 1394780400000, 'bathrooms': 2.0, 'bedrooms': 4.0, 'livingArea': 1742.0, 'homeType': 'SINGLE_FAMILY', 'homeStatus': 'FOR_SALE', 'photoCount': 40, 'imageLink': 'https://photos.zillowstatic.com/p_g/ISbxb01gms1icl1000000000.jpg', 'daysOnZillow': 1, 'isFeatured': False, 'shouldHighlight': False, 'brokerId': 13886, 'zestimate': 302046, 'rentZestimate': 2100, 'listing_sub_type': {'is_FSBA': True}, 'isUnmappable': False, 'mediumImageLink': 'https://photos.zillowstatic.com/p_c/ISbxb01gms1icl1000000000.jpg', 'isPreforeclosureAuction': False, 'homeStatusForHDP': 'FOR_SALE', 'priceForHDP': 325000.0, 'timeOnZillow': 1597845540000, 'hiResImageLink': 'https://photos.zillowstatic.com/p_f/ISbxb01gms1icl1000000000.jpg', 'watchImageLink': 'https://photos.zillowstatic.com/p_j/ISbxb01gms1icl1000000000.jpg', 'tvImageLink': 'https://photos.zillowstatic.com/p_m/ISbxb01gms1icl1000000000.jpg', 'tvCollectionImageLink': 'https://photos.zillowstatic.com/p_l/ISbxb01gms1icl1000000000.jpg', 'tvHighResImageLink': 'https://photos.zillowstatic.com/p_n/ISbxb01gms1icl1000000000.jpg', 'desktopWebHdpImageLink': 'https://photos.zillowstatic.com/p_h/ISbxb01gms1icl1000000000.jpg', 'isNonOwnerOccupied': True, 'isPremierBuilder': False, 'isZillowOwned': False, 'currency': 'USD', 'country': 'USA', 'taxAssessedValue': 261600.0}",https://photos.zillowstatic.com/p_e/ISbxb01gms1icl1000000000.jpg,302046.0,1,2100.0,42.245761,-83.6673
"2106 Londonderry Rd, Ann Arbor, MI 48104",Ann Arbor,MI,48104,1600000.0,"3 bds, 4.0 ba ,3758 sqft",Howard Hanna - Ann Arbor,https://www.zillow.com/homedetails/2106-Londonderry-Rd-Ann-Arbor-MI-48104/24709434_zpid/,House for sale,"{'zpid': 24709434, 'streetAddress': '2106 Londonderry Rd', 'zipcode': '48104', 'city': 'Ann Arbor', 'state': 'MI', 'latitude': 42.268406, 'longitude': -83.715729, 'price': 1600000.0, 'bathrooms': 4.0, 'bedrooms': 3.0, 'livingArea': 3758.0, 'homeType': 'SINGLE_FAMILY', 'homeStatus': 'FOR_SALE', 'photoCount': 53, 'imageLink': 'https://photos.zillowstatic.com/p_g/ISvgoeye3s9vzc1000000000.jpg', 'daysOnZillow': 6, 'isFeatured': False, 'shouldHighlight': False, 'brokerId': 10928, 'zestimate': 1584286, 'rentZestimate': 3400, 'listing_sub_type': {'is_FSBA': True}, 'isUnmappable': False, 'mediumImageLink': 'https://photos.zillowstatic.com/p_c/ISvgoeye3s9vzc1000000000.jpg', 'isPreforeclosureAuction': False, 'homeStatusForHDP': 'FOR_SALE', 'priceForHDP': 1600000.0, 'timeOnZillow': 1597429620000, 'hiResImageLink': 'https://photos.zillowstatic.com/p_f/ISvgoeye3s9vzc1000000000.jpg', 'watchImageLink': 'https://photos.zillowstatic.com/p_j/ISvgoeye3s9vzc1000000000.jpg', 'tvImageLink': 'https://photos.zillowstatic.com/p_m/ISvgoeye3s9vzc1000000000.jpg', 'tvCollectionImageLink': 'https://photos.zillowstatic.com/p_l/ISvgoeye3s9vzc1000000000.jpg', 'tvHighResImageLink': 'https://photos.zillowstatic.com/p_n/ISvgoeye3s9vzc1000000000.jpg', 'desktopWebHdpImageLink': 'https://photos.zillowstatic.com/p_h/ISvgoeye3s9vzc1000000000.jpg', 'isNonOwnerOccupied': True, 'isPremierBuilder': False, 'isZillowOwned': False, 'currency': 'USD', 'country': 'USA', 'taxAssessedValue': 1482800.0}",https://photos.zillowstatic.com/p_e/ISvgoeye3s9vzc1000000000.jpg,1584286.0,6,3400.0,42.268406,-83.715729
"2919 Marshall St, Ann Arbor, MI 48108",Ann Arbor,MI,48108,237500.0,"3 bds, 2.0 ba ,980 sqft",Trillium Real Estate,https://www.zillow.com/homedetails/2919-Marshall-St-Ann-Arbor-MI-48108/24721965_zpid/,House for sale,"{'zpid': 24721965, 'streetAddress': '2919 Marshall St', 'zipcode': '48108', 'city': 'Ann Arbor', 'state': 'MI', 'latitude': 42.239141, 'longitude': -83.704134, 'price': 237500.0, 'dateSold': 1503990000000, 'bathrooms': 2.0, 'bedrooms': 3.0, 'livingArea': 980.0, 'homeType': 'SINGLE_FAMILY', 'homeStatus': 'FOR_SALE', 'photoCount': 27, 'imageLink': 'https://photos.zillowstatic.com/p_g/ISzjxuwajndk7d1000000000.jpg', 'daysOnZillow': 20, 'isFeatured': False, 'shouldHighlight': False, 'brokerId': 13899, 'zestimate': 237501, 'rentZestimate': 1700, 'listing_sub_type': {'is_FSBA': True}, 'isUnmappable': False, 'mediumImageLink': 'https://photos.zillowstatic.com/p_c/ISzjxuwajndk7d1000000000.jpg', 'isPreforeclosureAuction': False, 'homeStatusForHDP': 'FOR_SALE', 'priceForHDP': 237500.0, 'timeOnZillow': 1596210960000, 'hiResImageLink': 'https://photos.zillowstatic.com/p_f/ISzjxuwajndk7d1000000000.jpg', 'watchImageLink': 'https://photos.zillowstatic.com/p_j/ISzjxuwajndk7d1000000000.jpg', 'tvImageLink': 'https://photos.zillowstatic.com/p_m/ISzjxuwajndk7d1000000000.jpg', 'tvCollectionImageLink': 'https://photos.zillowstatic.com/p_l/ISzjxuwajndk7d1000000000.jpg', 'tvHighResImageLink': 'https://photos.zillowstatic.com/p_n/ISzjxuwajndk7d1000000000.jpg', 'desktopWebHdpImageLink': 'https://photos.zillowstatic.com/p_h/ISzjxuwajndk7d1000000000.jpg', 'isNonOwnerOccupied': True, 'isPremierBuilder': False, 'isZillowOwned': False, 'currency': 'USD', 'country': 'USA', 'taxAssessedValue': 191000.0}",https://photos.zillowstatic.com/p_e/ISzjxuwajndk7d1000000000.jpg,237501.0,20,1700.0,42.239141,-83.704134
"892 Rose Dr, Ann Arbor, MI 48103",Ann Arbor,MI,48103,210000.0,"2 bds, 1.0 ba ,1188 sqft",Reinhart Realtors,https://www.zillow.com/homedetails/892-Rose-Dr-Ann-Arbor-MI-48103/54800401_zpid/,House for sale,"{'zpid': 54800401, 'streetAddress': '892 Rose Dr', 'zipcode': '48103', 'city': 'Ann Arbor', 'state': 'MI', 'latitude': 42.295542, 'longitude': -83.792372, 'price': 210000.0, 'bathrooms': 1.0, 'bedrooms': 2.0, 'livingArea': 1188.0, 'homeType': 'SINGLE_FAMILY', 'homeStatus': 'FOR_SALE', 'photoCount': 44, 'imageLink': 'https://photos.zillowstatic.com/p_g/ISjr0e2w8xn4fb1000000000.jpg', 'daysOnZillow': 5, 'isFeatured': False, 'shouldHighlight': False, 'brokerId': 5653, 'zestimate': 208408, 'rentZestimate': 1615, 'listing_sub_type': {'is_FSBA': True}, 'isUnmappable': False, 'mediumImageLink': 'https://photos.zillowstatic.com/p_c/ISjr0e2w8xn4fb1000000000.jpg', 'isPreforeclosureAuction': False, 'homeStatusForHDP': 'FOR_SALE', 'priceForHDP': 210000.0, 'timeOnZillow': 1597485660000, 'hiResImageLink': 'https://photos.zillowstatic.com/p_f/ISjr0e2w8xn4fb1000000000.jpg', 'watchImageLink': 'https://photos.zillowstatic.com/p_j/ISjr0e2w8xn4fb1000000000.jpg', 'tvImageLink': 'https://photos.zillowstatic.com/p_m/ISjr0e2w8xn4fb1000000000.jpg', 'tvCollectionImageLink': 'https://photos.zillowstatic.com/p_l/ISjr0e2w8xn4fb1000000000.jpg', 'tvHighResImageLink': 'https://photos.zillowstatic.com/p_n/ISjr0e2w8xn4fb1000000000.jpg', 'desktopWebHdpImageLink': 'https://photos.zillowstatic.com/p_h/ISjr0e2w8xn4fb1000000000.jpg', 'isNonOwnerOccupied': True, 'isPremierBuilder': False, 'isZillowOwned': False, 'currency': 'USD', 'country': 'USA', 'taxAssessedValue': 169200.0}",https://photos.zillowstatic.com/p_e/ISjr0e2w8xn4fb1000000000.jpg,208408.0,5,1615.0,42.295542,-83.792372
"3595 Daleview Dr, Ann Arbor, MI 48105",Ann Arbor,MI,48105,940000.0,"4 bds, 3.0 ba ,2913 sqft",Howard Hanna - Ann Arbor,https://www.zillow.com/homedetails/3595-Daleview-Dr-Ann-Arbor-MI-48105/54799081_zpid/,House for sale,"{'zpid': 54799081, 'streetAddress': '3595 Daleview Dr', 'zipcode': '48105', 'city': 'Ann Arbor', 'state': 'MI', 'latitude': 42.323925, 'longitude': -83.7918, 'price': 940000.0, 'dateSold': 1542614400000, 'datePriceChanged': 1597850580000, 'bathrooms': 3.0, 'bedrooms': 4.0, 'livingArea': 2913.0, 'homeType': 'SINGLE_FAMILY', 'homeStatus': 'FOR_SALE', 'photoCount': 69, 'imageLink': 'https://photos.zillowstatic.com/p_g/IS33jr44x339ai1000000000.jpg', 'daysOnZillow': 56, 'isFeatured': False, 'shouldHighlight': False, 'brokerId': 10928, 'zestimate': 936119, 'rentZestimate': 3415, 'listing_sub_type': {'is_openHouse': True, 'is_FSBA': True}, 'openHouse': 'Sun. 1-3pm', 'priceReduction': '$10,000 (Aug 19)', 'isUnmappable': False, 'mediumImageLink': 'https://photos.zillowstatic.com/p_c/IS33jr44x339ai1000000000.jpg', 'isPreforeclosureAuction': False, 'homeStatusForHDP': 'FOR_SALE', 'priceForHDP': 940000.0, 'open_house_info': {'open_house_showing': [{'open_house_start': 1598212800000, 'open_house_end': 1598220000000}]}, 'priceChange': -10000, 'timeOnZillow': 1593104640000, 'hiResImageLink': 'https://photos.zillowstatic.com/p_f/IS33jr44x339ai1000000000.jpg', 'watchImageLink': 'https://photos.zillowstatic.com/p_j/IS33jr44x339ai1000000000.jpg', 'tvImageLink': 'https://photos.zillowstatic.com/p_m/IS33jr44x339ai1000000000.jpg', 'tvCollectionImageLink': 'https://photos.zillowstatic.com/p_l/IS33jr44x339ai1000000000.jpg', 'tvHighResImageLink': 'https://photos.zillowstatic.com/p_n/IS33jr44x339ai1000000000.jpg', 'desktopWebHdpImageLink': 'https://photos.zillowstatic.com/p_h/IS33jr44x339ai1000000000.jpg', 'isNonOwnerOccupied': True, 'isPremierBuilder': False, 'isZillowOwned': False, 'currency': 'USD', 'country': 'USA', 'taxAssessedValue': 648200.0}",https://photos.zillowstatic.com/p_e/IS33jr44x339ai1000000000.jpg,936119.0,56,3415.0,42.323925,-83.7918
"1251 Heather Way, Ann Arbor, MI 48104",Ann Arbor,MI,48104,919000.0,"3 bds, 3.0 ba ,3283 sqft",The Promanas Group,https://www.zillow.com/homedetails/1251-Heather-Way-Ann-Arbor-MI-48104/24709108_zpid/,House for sale,"{'zpid': 24709108, 'streetAddress': '1251 Heather Way', 'zipcode': '48104', 'city': 'Ann Arbor', 'state': 'MI', 'latitude': 42.266989, 'longitude': -83.709711, 'price': 919000.0, 'dateSold': 960361200000, 'bathrooms': 3.0, 'bedrooms': 3.0, 'livingArea': 3283.0, 'homeType': 'SINGLE_FAMILY', 'homeStatus': 'FOR_SALE', 'photoCount': 50, 'imageLink': 'https://photos.zillowstatic.com/p_g/ISjnhs5whuz0ox0000000000.jpg', 'daysOnZillow': 23, 'isFeatured': False, 'shouldHighlight': False, 'brokerId': 13899, 'zestimate': 913055, 'rentZestimate': 2650, 'listing_sub_type': {'is_FSBA': True}, 'isUnmappable': False, 'mediumImageLink': 'https://photos.zillowstatic.com/p_c/ISjnhs5whuz0ox0000000000.jpg', 'isPreforeclosureAuction': False, 'homeStatusForHDP': 'FOR_SALE', 'priceForHDP': 919000.0, 'timeOnZillow': 1595945940000, 'hiResImageLink': 'https://photos.zillowstatic.com/p_f/ISjnhs5whuz0ox0000000000.jpg', 'watchImageLink': 'https://photos.zillowstatic.com/p_j/ISjnhs5whuz0ox0000000000.jpg', 'tvImageLink': 'https://photos.zillowstatic.com/p_m/ISjnhs5whuz0ox0000000000.jpg', 'tvCollectionImageLink': 'https://photos.zillowstatic.com/p_l/ISjnhs5whuz0ox0000000000.jpg', 'tvHighResImageLink': 'https://photos.zillowstatic.com/p_n/ISjnhs5whuz0ox0000000000.jpg', 'desktopWebHdpImageLink': 'https://photos.zillowstatic.com/p_h/ISjnhs5whuz0ox0000000000.jpg', 'isNonOwnerOccupied': True, 'isPremierBuilder': False, 'isZillowOwned': False, 'currency': 'USD', 'country': 'USA', 'taxAssessedValue': 699600.0}",https://photos.zillowstatic.com/p_e/ISjnhs5whuz0ox0000000000.jpg,913055.0,23,2650.0,42.266989,-83.709711
"5867 Versailles Ave, Ann Arbor, MI 48103",Ann Arbor,MI,48103,409000.0,"4 bds, 4.0 ba ,1728 sqft",Howard Hanna - Ann Arbor,https://www.zillow.com/homedetails/5867-Versailles-Ave-Ann-Arbor-MI-48103/54800968_zpid/,House for sale,"{'zpid': 54800968, 'streetAddress': '5867 Versailles Ave', 'zipcode': '48103', 'city': 'Ann Arbor', 'state': 'MI', 'latitude': 42.278949, 'longitude': -83.845772, 'price': 409000.0, 'bathrooms': 4.0, 'bedrooms': 4.0, 'livingArea': 1728.0, 'homeType': 'SINGLE_FAMILY', 'homeStatus': 'FOR_SALE', 'photoCount': 74, 'imageLink': 'https://photos.zillowstatic.com/p_g/ISrtft0y40pdgm1000000000.jpg', 'daysOnZillow': 2, 'isFeatured': False, 'shouldHighlight': False, 'brokerId': 10928, 'zestimate': 409002, 'rentZestimate': 2200, 'listing_sub_type': {'is_FSBA': True}, 'isUnmappable': False, 'mediumImageLink': 'https://photos.zillowstatic.com/p_c/ISrtft0y40pdgm1000000000.jpg', 'isPreforeclosureAuction': False, 'homeStatusForHDP': 'FOR_SALE', 'priceForHDP': 409000.0, 'timeOnZillow': 1597773000000, 'hiResImageLink': 'https://photos.zillowstatic.com/p_f/ISrtft0y40pdgm1000000000.jpg', 'watchImageLink': 'https://photos.zillowstatic.com/p_j/ISrtft0y40pdgm1000000000.jpg', 'tvImageLink': 'https://photos.zillowstatic.com/p_m/ISrtft0y40pdgm1000000000.jpg', 'tvCollectionImageLink': 'https://photos.zillowstatic.com/p_l/ISrtft0y40pdgm1000000000.jpg', 'tvHighResImageLink': 'https://photos.zillowstatic.com/p_n/ISrtft0y40pdgm1000000000.jpg', 'desktopWebHdpImageLink': 'https://photos.zillowstatic.com/p_h/ISrtft0y40pdgm1000000000.jpg', 'isNonOwnerOccupied': True, 'isPremierBuilder': False, 'isZillowOwned': False, 'currency': 'USD', 'country': 'USA', 'taxAssessedValue': 302200.0}",https://photos.zillowstatic.com/p_e/ISrtft0y40pdgm1000000000.jpg,409002.0,2,2200.0,42.278949,-83.845772
"3710 Frains Lake Rd, Ann Arbor, MI 48105",Ann Arbor,MI,48105,440000.0,"4 bds, 2.0 ba ,2622 sqft",RE/MAX Dream Properties,https://www.zillow.com/homedetails/3710-Frains-Lake-Rd-Ann-Arbor-MI-48105/54802610_zpid/,House for sale,"{'zpid': 54802610, 'streetAddress': '3710 Frains Lake Rd', 'zipcode': '48105', 'city': 'Ann Arbor', 'state': 'MI', 'latitude': 42.325181, 'longitude': -83.614753, 'price': 440000.0, 'bathrooms': 2.0, 'bedrooms': 4.0, 'livingArea': 2622.0, 'homeType': 'SINGLE_FAMILY', 'homeStatus': 'FOR_SALE', 'photoCount': 85, 'imageLink': 'https://photos.zillowstatic.com/p_g/ISrll47ozxgjdz0000000000.jpg', 'daysOnZillow': 13, 'isFeatured': False, 'shouldHighlight': False, 'brokerId': 13886, 'zestimate': 435344, 'rentZestimate': 2245, 'listing_sub_type': {'is_FSBA': True}, 'isUnmappable': False, 'mediumImageLink': 'https://photos.zillowstatic.com/p_c/ISrll47ozxgjdz0000000000.jpg', 'isPreforeclosureAuction': False, 'homeStatusForHDP': 'FOR_SALE', 'priceForHDP': 440000.0, 'timeOnZillow': 1596773100000, 'hiResImageLink': 'https://photos.zillowstatic.com/p_f/ISrll47ozxgjdz0000000000.jpg', 'watchImageLink': 'https://photos.zillowstatic.com/p_j/ISrll47ozxgjdz0000000000.jpg', 'tvImageLink': 'https://photos.zillowstatic.com/p_m/ISrll47ozxgjdz0000000000.jpg', 'tvCollectionImageLink': 'https://photos.zillowstatic.com/p_l/ISrll47ozxgjdz0000000000.jpg', 'tvHighResImageLink': 'https://photos.zillowstatic.com/p_n/ISrll47ozxgjdz0000000000.jpg', 'desktopWebHdpImageLink': 'https://photos.zillowstatic.com/p_h/ISrll47ozxgjdz0000000000.jpg', 'isNonOwnerOccupied': True, 'isPremierBuilder': False, 'isZillowOwned': False, 'currency': 'USD', 'country': 'USA', 'taxAssessedValue': 275800.0}",https://photos.zillowstatic.com/p_e/ISrll47ozxgjdz0000000000.jpg,435344.0,13,2245.0,42.325181,-83.614753
"307 Mulholland Ave, Ann Arbor, MI 48103",Ann Arbor,MI,48103,378500.0,"3 bds, 1.0 ba ,960 sqft",Coldwell Banker Weir Manuel,https://www.zillow.com/homedetails/307-Mulholland-Ave-Ann-Arbor-MI-48103/24701159_zpid/,House for sale,"{'zpid': 24701159, 'streetAddress': '307 Mulholland Ave', 'zipcode': '48103', 'city': 'Ann Arbor', 'state': 'MI', 'latitude': 42.279572, 'longitude': -83.757157, 'price': 378500.0, 'dateSold': 1435302000000, 'datePriceChanged': 1597787280000, 'bathrooms': 1.0, 'bedrooms': 3.0, 'livingArea': 960.0, 'homeType': 'SINGLE_FAMILY', 'homeStatus': 'FOR_SALE', 'photoCount': 29, 'imageLink': 'https://photos.zillowstatic.com/p_g/ISjfv5ne27vcyd1000000000.jpg', 'daysOnZillow': 20, 'isFeatured': False, 'shouldHighlight': False, 'brokerId': 13899, 'zestimate': 378501, 'rentZestimate': 2300, 'listing_sub_type': {'is_FSBA': True}, 'priceReduction': '$11,400 (Aug 18)', 'isUnmappable': False, 'mediumImageLink': 'https://photos.zillowstatic.com/p_c/ISjfv5ne27vcyd1000000000.jpg', 'isPreforeclosureAuction': False, 'homeStatusForHDP': 'FOR_SALE', 'priceForHDP': 378500.0, 'priceChange': -11400, 'timeOnZillow': 1596209520000, 'hiResImageLink': 'https://photos.zillowstatic.com/p_f/ISjfv5ne27vcyd1000000000.jpg', 'watchImageLink': 'https://photos.zillowstatic.com/p_j/ISjfv5ne27vcyd1000000000.jpg', 'tvImageLink': 'https://photos.zillowstatic.com/p_m/ISjfv5ne27vcyd1000000000.jpg', 'tvCollectionImageLink': 'https://photos.zillowstatic.com/p_l/ISjfv5ne27vcyd1000000000.jpg', 'tvHighResImageLink': 'https://photos.zillowstatic.com/p_n/ISjfv5ne27vcyd1000000000.jpg', 'desktopWebHdpImageLink': 'https://photos.zillowstatic.com/p_h/ISjfv5ne27vcyd1000000000.jpg', 'isNonOwnerOccupied': True, 'isPremierBuilder': False, 'isZillowOwned': False, 'currency': 'USD', 'country': 'USA', 'taxAssessedValue': 309600.0}",https://photos.zillowstatic.com/p_e/ISjfv5ne27vcyd1000000000.jpg,378501.0,20,2300.0,42.279572,-83.757157
"1424 Creal Cres, Ann Arbor, MI 48103",Ann Arbor,MI,48103,399900.0,"4 bds, 3.0 ba ,1248 sqft",Coldwell Banker Weir Manuel,https://www.zillow.com/homedetails/1424-Creal-Cres-Ann-Arbor-MI-48103/2078210466_zpid/,House for sale,"{'zpid': 2078210466, 'streetAddress': '1424 Creal Cres', 'zipcode': '48103', 'city': 'Ann Arbor', 'state': 'MI', 'latitude': 42.294178, 'longitude': -83.773528, 'price': 399900.0, 'bathrooms': 3.0, 'bedrooms': 4.0, 'livingArea': 1248.0, 'homeType': 'SINGLE_FAMILY', 'homeStatus': 'FOR_SALE', 'photoCount': 42, 'imageLink': 'https://photos.zillowstatic.com/p_g/IS7mksyxm3z9f31000000000.jpg', 'daysOnZillow': 3, 'isFeatured': False, 'shouldHighlight': False, 'brokerId': 13899, 'zestimate': 399902, 'listing_sub_type': {'is_FSBA': True}, 'isUnmappable': False, 'mediumImageLink': 'https://photos.zillowstatic.com/p_c/IS7mksyxm3z9f31000000000.jpg', 'isPreforeclosureAuction': False, 'homeStatusForHDP': 'FOR_SALE', 'priceForHDP': 399900.0, 'timeOnZillow': 1597701060000, 'hiResImageLink': 'https://photos.zillowstatic.com/p_f/IS7mksyxm3z9f31000000000.jpg', 'watchImageLink': 'https://photos.zillowstatic.com/p_j/IS7mksyxm3z9f31000000000.jpg', 'tvImageLink': 'https://photos.zillowstatic.com/p_m/IS7mksyxm3z9f31000000000.jpg', 'tvCollectionImageLink': 'https://photos.zillowstatic.com/p_l/IS7mksyxm3z9f31000000000.jpg', 'tvHighResImageLink': 'https://photos.zillowstatic.com/p_n/IS7mksyxm3z9f31000000000.jpg', 'desktopWebHdpImageLink': 'https://photos.zillowstatic.com/p_h/IS7mksyxm3z9f31000000000.jpg', 'isNonOwnerOccupied': True, 'isPremierBuilder': False, 'isZillowOwned': False, 'currency': 'USD', 'country': 'USA'}",https://photos.zillowstatic.com/p_e/IS7mksyxm3z9f31000000000.jpg,399902.0,3,,42.294178,-83.773528
"905 Olivia Ave, Ann Arbor, MI 48104",Ann Arbor,MI,48104,1100000.0,"5 bds, 6.0 ba ,3223 sqft",Reinhart Realtors,https://www.zillow.com/homedetails/905-Olivia-Ave-Ann-Arbor-MI-48104/24707719_zpid/,House for sale,"{'zpid': 24707719, 'streetAddress': '905 Olivia Ave', 'zipcode': '48104', 'city': 'Ann Arbor', 'state': 'MI', 'latitude': 42.271394, 'longitude': -83.731061, 'price': 1100000.0, 'dateSold': 1093935600000, 'bathrooms': 6.0, 'bedrooms': 5.0, 'livingArea': 3223.0, 'homeType': 'SINGLE_FAMILY', 'homeStatus': 'FOR_SALE', 'photoCount': 88, 'imageLink': 'https://photos.zillowstatic.com/p_g/ISnignmxl04tpv1000000000.jpg', 'daysOnZillow': 7, 'isFeatured': False, 'shouldHighlight': False, 'brokerId': 5653, 'zestimate': 1100006, 'rentZestimate': 2975, 'listing_sub_type': {'is_FSBA': True}, 'isUnmappable': False, 'mediumImageLink': 'https://photos.zillowstatic.com/p_c/ISnignmxl04tpv1000000000.jpg', 'isPreforeclosureAuction': False, 'homeStatusForHDP': 'FOR_SALE', 'priceForHDP': 1100000.0, 'timeOnZillow': 1597356060000, 'hiResImageLink': 'https://photos.zillowstatic.com/p_f/ISnignmxl04tpv1000000000.jpg', 'watchImageLink': 'https://photos.zillowstatic.com/p_j/ISnignmxl04tpv1000000000.jpg', 'tvImageLink': 'https://photos.zillowstatic.com/p_m/ISnignmxl04tpv1000000000.jpg', 'tvCollectionImageLink': 'https://photos.zillowstatic.com/p_l/ISnignmxl04tpv1000000000.jpg', 'tvHighResImageLink': 'https://photos.zillowstatic.com/p_n/ISnignmxl04tpv1000000000.jpg', 'desktopWebHdpImageLink': 'https://photos.zillowstatic.com/p_h/ISnignmxl04tpv1000000000.jpg', 'isNonOwnerOccupied': True, 'isPremierBuilder': False, 'isZillowOwned': False, 'currency': 'USD', 'country': 'USA', 'taxAssessedValue': 1053400.0}",https://photos.zillowstatic.com/p_e/ISnignmxl04tpv1000000000.jpg,1100006.0,7,2975.0,42.271394,-83.731061
"2830 Marshall St, Ann Arbor, MI 48108",Ann Arbor,MI,48108,249900.0,"3 bds, 2.0 ba ,1272 sqft",Berkshire Hathaway HomeSvcs.,https://www.zillow.com/homedetails/2830-Marshall-St-Ann-Arbor-MI-48108/24721947_zpid/,House for sale,"{'zpid': 24721947, 'streetAddress': '2830 Marshall St', 'zipcode': '48108', 'city': 'Ann Arbor', 'state': 'MI', 'latitude': 42.238547, 'longitude': -83.706543, 'price': 249900.0, 'dateSold': 1334127600000, 'bathrooms': 2.0, 'bedrooms': 3.0, 'livingArea': 1272.0, 'homeType': 'SINGLE_FAMILY', 'homeStatus': 'FOR_SALE', 'photoCount': 39, 'imageLink': 'https://photos.zillowstatic.com/p_g/ISzvesriohonm50000000000.jpg', 'daysOnZillow': 16, 'isFeatured': False, 'shouldHighlight': False, 'brokerId': 13899, 'zestimate': 249901, 'rentZestimate': 1700, 'listing_sub_type': {'is_FSBA': True}, 'isUnmappable': False, 'mediumImageLink': 'https://photos.zillowstatic.com/p_c/ISzvesriohonm50000000000.jpg', 'isPreforeclosureAuction': False, 'homeStatusForHDP': 'FOR_SALE', 'priceForHDP': 249900.0, 'timeOnZillow': 1596571980000, 'hiResImageLink': 'https://photos.zillowstatic.com/p_f/ISzvesriohonm50000000000.jpg', 'watchImageLink': 'https://photos.zillowstatic.com/p_j/ISzvesriohonm50000000000.jpg', 'tvImageLink': 'https://photos.zillowstatic.com/p_m/ISzvesriohonm50000000000.jpg', 'tvCollectionImageLink': 'https://photos.zillowstatic.com/p_l/ISzvesriohonm50000000000.jpg', 'tvHighResImageLink': 'https://photos.zillowstatic.com/p_n/ISzvesriohonm50000000000.jpg', 'desktopWebHdpImageLink': 'https://photos.zillowstatic.com/p_h/ISzvesriohonm50000000000.jpg', 'isNonOwnerOccupied': True, 'isPremierBuilder': False, 'isZillowOwned': False, 'currency': 'USD', 'country': 'USA', 'taxAssessedValue': 202000.0}",https://photos.zillowstatic.com/p_e/ISzvesriohonm50000000000.jpg,249901.0,16,1700.0,42.238547,-83.706543
"2215 N Londonderry Rd, Ann Arbor, MI 48104",Ann Arbor,MI,48104,1625000.0,"5 bds, 4.0 ba ,3261 sqft",Berkshire Hathaway HomeSvcs.,https://www.zillow.com/homedetails/2215-N-Londonderry-Rd-Ann-Arbor-MI-48104/2078623669_zpid/,House for sale,"{'zpid': 2078623669, 'streetAddress': '2215 N Londonderry Rd', 'zipcode': '48104', 'city': 'Ann Arbor', 'state': 'MI', 'latitude': 42.267258, 'longitude': -83.713509, 'price': 1625000.0, 'datePriceChanged': 1597160160000, 'bathrooms': 4.0, 'bedrooms': 5.0, 'livingArea': 3261.0, 'homeType': 'SINGLE_FAMILY', 'homeStatus': 'FOR_SALE', 'photoCount': 60, 'imageLink': 'https://photos.zillowstatic.com/p_g/ISzjtbf1wa4k0n0000000000.jpg', 'daysOnZillow': 33, 'isFeatured': False, 'shouldHighlight': False, 'brokerId': 13899, 'zestimate': 1600289, 'listing_sub_type': {'is_FSBA': True}, 'priceReduction': '$124,000 (Aug 11)', 'isUnmappable': False, 'mediumImageLink': 'https://photos.zillowstatic.com/p_c/ISzjtbf1wa4k0n0000000000.jpg', 'isPreforeclosureAuction': False, 'homeStatusForHDP': 'FOR_SALE', 'priceForHDP': 1625000.0, 'priceChange': -124000, 'timeOnZillow': 1595100720000, 'hiResImageLink': 'https://photos.zillowstatic.com/p_f/ISzjtbf1wa4k0n0000000000.jpg', 'watchImageLink': 'https://photos.zillowstatic.com/p_j/ISzjtbf1wa4k0n0000000000.jpg', 'tvImageLink': 'https://photos.zillowstatic.com/p_m/ISzjtbf1wa4k0n0000000000.jpg', 'tvCollectionImageLink': 'https://photos.zillowstatic.com/p_l/ISzjtbf1wa4k0n0000000000.jpg', 'tvHighResImageLink': 'https://photos.zillowstatic.com/p_n/ISzjtbf1wa4k0n0000000000.jpg', 'desktopWebHdpImageLink': 'https://photos.zillowstatic.com/p_h/ISzjtbf1wa4k0n0000000000.jpg', 'isNonOwnerOccupied': True, 'isPremierBuilder': False, 'isZillowOwned': False, 'currency': 'USD', 'country': 'USA'}",https://photos.zillowstatic.com/p_e/ISzjtbf1wa4k0n0000000000.jpg,1600289.0,33,,42.267258,-83.713509
"2964 Signature Blvd, Ann Arbor, MI 48103",Ann Arbor,MI,48103,269000.0,"2 bds, 2.0 ba ,1473 sqft",Hall & Hunter-Birmingham,https://www.zillow.com/homedetails/2964-Signature-Blvd-Ann-Arbor-MI-48103/72378825_zpid/,Townhouse for sale,"{'zpid': 72378825, 'streetAddress': '2964 Signature Blvd', 'zipcode': '48103', 'city': 'Ann Arbor', 'state': 'MI', 'latitude': 42.242425, 'longitude': -83.753902, 'price': 269000.0, 'dateSold': 1309158000000, 'bathrooms': 2.0, 'bedrooms': 2.0, 'livingArea': 1473.0, 'homeType': 'TOWNHOUSE', 'homeStatus': 'FOR_SALE', 'photoCount': 31, 'imageLink': 'https://photos.zillowstatic.com/p_g/ISfojfgbh9lm921000000000.jpg', 'daysOnZillow': 1, 'isFeatured': False, 'shouldHighlight': False, 'brokerId': 13886, 'zestimate': 253334, 'rentZestimate': 1800, 'listing_sub_type': {'is_FSBA': True}, 'isUnmappable': False, 'mediumImageLink': 'https://photos.zillowstatic.com/p_c/ISfojfgbh9lm921000000000.jpg', 'isPreforeclosureAuction': False, 'homeStatusForHDP': 'FOR_SALE', 'priceForHDP': 269000.0, 'timeOnZillow': 1597859880000, 'hiResImageLink': 'https://photos.zillowstatic.com/p_f/ISfojfgbh9lm921000000000.jpg', 'watchImageLink': 'https://photos.zillowstatic.com/p_j/ISfojfgbh9lm921000000000.jpg', 'tvImageLink': 'https://photos.zillowstatic.com/p_m/ISfojfgbh9lm921000000000.jpg', 'tvCollectionImageLink': 'https://photos.zillowstatic.com/p_l/ISfojfgbh9lm921000000000.jpg', 'tvHighResImageLink': 'https://photos.zillowstatic.com/p_n/ISfojfgbh9lm921000000000.jpg', 'desktopWebHdpImageLink': 'https://photos.zillowstatic.com/p_h/ISfojfgbh9lm921000000000.jpg', 'isNonOwnerOccupied': True, 'isPremierBuilder': False, 'isZillowOwned': False, 'currency': 'USD', 'country': 'USA', 'taxAssessedValue': 236000.0}",https://photos.zillowstatic.com/p_e/ISfojfgbh9lm921000000000.jpg,253334.0,1,1800.0,42.242425,-83.753902
"160 Westover St, Ann Arbor, MI 48103",Ann Arbor,MI,48103,309000.0,"3 bds, 3.0 ba ,1374 sqft",ClaudellaJones.com,https://www.zillow.com/homedetails/160-Westover-St-Ann-Arbor-MI-48103/2078340292_zpid/,House for sale,"{'zpid': 2078340292, 'streetAddress': '160 Westover St', 'zipcode': '48103', 'city': 'Ann Arbor', 'state': 'MI', 'latitude': 42.283322, 'longitude': -83.798638, 'price': 309000.0, 'datePriceChanged': 1597770120000, 'bathrooms': 3.0, 'bedrooms': 3.0, 'livingArea': 1374.0, 'homeType': 'SINGLE_FAMILY', 'homeStatus': 'FOR_SALE', 'photoCount': 33, 'imageLink': 'https://photos.zillowstatic.com/p_g/IS7u20fchd6e1k0000000000.jpg', 'daysOnZillow': 9, 'isFeatured': False, 'shouldHighlight': False, 'brokerId': 13899, 'zestimate': 309000, 'listing_sub_type': {'is_openHouse': True, 'is_FSBA': True}, 'openHouse': 'Sun. 1am-3pm', 'priceReduction': '$10,000 (Aug 18)', 'isUnmappable': False, 'mediumImageLink': 'https://photos.zillowstatic.com/p_c/IS7u20fchd6e1k0000000000.jpg', 'isPreforeclosureAuction': False, 'homeStatusForHDP': 'FOR_SALE', 'priceForHDP': 309000.0, 'open_house_info': {'open_house_showing': [{'open_house_start': 1598169600000, 'open_house_end': 1598220000000}]}, 'priceChange': -10000, 'timeOnZillow': 1597130820000, 'hiResImageLink': 'https://photos.zillowstatic.com/p_f/IS7u20fchd6e1k0000000000.jpg', 'watchImageLink': 'https://photos.zillowstatic.com/p_j/IS7u20fchd6e1k0000000000.jpg', 'tvImageLink': 'https://photos.zillowstatic.com/p_m/IS7u20fchd6e1k0000000000.jpg', 'tvCollectionImageLink': 'https://photos.zillowstatic.com/p_l/IS7u20fchd6e1k0000000000.jpg', 'tvHighResImageLink': 'https://photos.zillowstatic.com/p_n/IS7u20fchd6e1k0000000000.jpg', 'desktopWebHdpImageLink': 'https://photos.zillowstatic.com/p_h/IS7u20fchd6e1k0000000000.jpg', 'isNonOwnerOccupied': True, 'isPremierBuilder': False, 'isZillowOwned': False, 'currency': 'USD', 'country': 'USA'}",https://photos.zillowstatic.com/p_e/IS7u20fchd6e1k0000000000.jpg,309000.0,9,,42.283322,-83.798638
"5280 Waterfall Ln, Ann Arbor, MI 48105",Ann Arbor,MI,48105,1500000.0,"4 bds, 4.0 ba ,4500 sqft",Casablanca Real Estate LLC,https://www.zillow.com/homedetails/5280-Waterfall-Ln-Ann-Arbor-MI-48105/63902813_zpid/,House for sale,"{'zpid': 63902813, 'streetAddress': '5280 Waterfall Ln', 'zipcode': '48105', 'city': 'Ann Arbor', 'state': 'MI', 'latitude': 42.310837, 'longitude': -83.653299, 'price': 1500000.0, 'bathrooms': 4.0, 'bedrooms': 4.0, 'livingArea': 4500.0, 'homeType': 'SINGLE_FAMILY', 'homeStatus': 'FOR_SALE', 'photoCount': 55, 'imageLink': 'https://photos.zillowstatic.com/p_g/ISfsmcf0p0605x1000000000.jpg', 'daysOnZillow': 95, 'isFeatured': False, 'shouldHighlight': False, 'brokerId': 13899, 'zestimate': 1452429, 'listing_sub_type': {'is_FSBA': True}, 'isUnmappable': False, 'mediumImageLink': 'https://photos.zillowstatic.com/p_c/ISfsmcf0p0605x1000000000.jpg', 'isPreforeclosureAuction': False, 'homeStatusForHDP': 'FOR_SALE', 'priceForHDP': 1500000.0, 'timeOnZillow': 1589741400000, 'hiResImageLink': 'https://photos.zillowstatic.com/p_f/ISfsmcf0p0605x1000000000.jpg', 'watchImageLink': 'https://photos.zillowstatic.com/p_j/ISfsmcf0p0605x1000000000.jpg', 'tvImageLink': 'https://photos.zillowstatic.com/p_m/ISfsmcf0p0605x1000000000.jpg', 'tvCollectionImageLink': 'https://photos.zillowstatic.com/p_l/ISfsmcf0p0605x1000000000.jpg', 'tvHighResImageLink': 'https://photos.zillowstatic.com/p_n/ISfsmcf0p0605x1000000000.jpg', 'desktopWebHdpImageLink': 'https://photos.zillowstatic.com/p_h/ISfsmcf0p0605x1000000000.jpg', 'isNonOwnerOccupied': True, 'isPremierBuilder': False, 'isZillowOwned': False, 'currency': 'USD', 'country': 'USA', 'taxAssessedValue': 225000.0}",https://photos.zillowstatic.com/p_e/ISfsmcf0p0605x1000000000.jpg,1452429.0,95,,42.310837,-83.653299
"3560 Burbank Dr, Ann Arbor, MI 48105",Ann Arbor,MI,48105,199900.0,"2 bds, 3.0 ba ,1280 sqft",Howard Hanna - Ann Arbor,https://www.zillow.com/homedetails/3560-Burbank-Dr-Ann-Arbor-MI-48105/24693128_zpid/,Condo for sale,"{'zpid': 24693128, 'streetAddress': '3560 Burbank Dr', 'zipcode': '48105', 'city': 'Ann Arbor', 'state': 'MI', 'latitude': 42.317169, 'longitude': -83.691077, 'price': 199900.0, 'dateSold': 881827200000, 'bathrooms': 3.0, 'bedrooms': 2.0, 'livingArea': 1280.0, 'homeType': 'CONDO', 'homeStatus': 'FOR_SALE', 'imageLink': 'https://www.zillowstatic.com/static/images/nophoto_p_g.png', 'daysOnZillow': 0, 'isFeatured': False, 'shouldHighlight': False, 'brokerId': 10928, 'rentZestimate': 1700, 'listing_sub_type': {'is_openHouse': True, 'is_FSBA': True}, 'openHouse': 'Sun. 12-3pm', 'isUnmappable': False, 'mediumImageLink': 'https://www.zillowstatic.com/static/images/nophoto_p_c.png', 'isPreforeclosureAuction': False, 'homeStatusForHDP': 'FOR_SALE', 'priceForHDP': 199900.0, 'open_house_info': {'open_house_showing': [{'open_house_start': 1598209200000, 'open_house_end': 1598220000000}]}, 'timeOnZillow': 1597939500000, 'hiResImageLink': 'https://www.zillowstatic.com/static/images/nophoto_p_f.png', 'watchImageLink': 'https://www.zillowstatic.com/static/images/nophoto_p_j.png', 'tvImageLink': 'https://www.zillowstatic.com/static/images/nophoto_p_m.png', 'tvCollectionImageLink': 'https://www.zillowstatic.com/static/images/nophoto_p_l.png', 'tvHighResImageLink': 'https://www.zillowstatic.com/static/images/nophoto_p_n.png', 'desktopWebHdpImageLink': 'https://www.zillowstatic.com/static/images/nophoto_p_h.png', 'isNonOwnerOccupied': True, 'isPremierBuilder': False, 'isZillowOwned': False, 'currency': 'USD', 'country': 'USA', 'taxAssessedValue': 210200.0}","https://maps.googleapis.com/maps/api/staticmap?center=42.317169,-83.691077&zoom=17&size=575x242&maptype=satellite&key=AIzaSyBot9JtFX4Hqs-Ri6N3A8K1Rl5XZD3ssyI&signature=39Fs_7AgPgC_UL_ye1NsJtZi94A=",,0,1700.0,42.317169,-83.691077
"2025 Hill St, Ann Arbor, MI 48104",Ann Arbor,MI,48104,990000.0,"4 bds, 5.0 ba ,3348 sqft",Berkshire Hathaway HomeSvcs.,https://www.zillow.com/homedetails/2025-Hill-St-Ann-Arbor-MI-48104/24700513_zpid/,House for sale,"{'zpid': 24700513, 'streetAddress': '2025 Hill St', 'zipcode': '48104', 'city': 'Ann Arbor', 'state': 'MI', 'latitude': 42.273775, 'longitude': -83.722729, 'price': 990000.0, 'dateSold': 1409641200000, 'bathrooms': 5.0, 'bedrooms': 4.0, 'livingArea': 3348.0, 'homeType': 'SINGLE_FAMILY', 'homeStatus': 'FOR_SALE', 'photoCount': 46, 'imageLink': 'https://photos.zillowstatic.com/p_g/ISzvekh94951uk0000000000.jpg', 'daysOnZillow': 20, 'isFeatured': False, 'shouldHighlight': False, 'brokerId': 13899, 'zestimate': 990005, 'rentZestimate': 2975, 'listing_sub_type': {'is_FSBA': True}, 'isUnmappable': False, 'mediumImageLink': 'https://photos.zillowstatic.com/p_c/ISzvekh94951uk0000000000.jpg', 'isPreforeclosureAuction': False, 'homeStatusForHDP': 'FOR_SALE', 'priceForHDP': 990000.0, 'timeOnZillow': 1596216480000, 'hiResImageLink': 'https://photos.zillowstatic.com/p_f/ISzvekh94951uk0000000000.jpg', 'watchImageLink': 'https://photos.zillowstatic.com/p_j/ISzvekh94951uk0000000000.jpg', 'tvImageLink': 'https://photos.zillowstatic.com/p_m/ISzvekh94951uk0000000000.jpg', 'tvCollectionImageLink': 'https://photos.zillowstatic.com/p_l/ISzvekh94951uk0000000000.jpg', 'tvHighResImageLink': 'https://photos.zillowstatic.com/p_n/ISzvekh94951uk0000000000.jpg', 'desktopWebHdpImageLink': 'https://photos.zillowstatic.com/p_h/ISzvekh94951uk0000000000.jpg', 'isNonOwnerOccupied': True, 'isPremierBuilder': False, 'isZillowOwned': False, 'currency': 'USD', 'country': 'USA', 'taxAssessedValue': 796600.0}",https://photos.zillowstatic.com/p_e/ISzvekh94951uk0000000000.jpg,990005.0,20,2975.0,42.273775,-83.722729
"2361 Rockport Ct, Ann Arbor, MI 48103",Ann Arbor,MI,48103,395000.0,"4 bds, 3.0 ba ,2001 sqft",Keller Williams Ann Arbor,https://www.zillow.com/homedetails/2361-Rockport-Ct-Ann-Arbor-MI-48103/24720182_zpid/,House for sale,"{'zpid': 24720182, 'streetAddress': '2361 Rockport Ct', 'zipcode': '48103', 'city': 'Ann Arbor', 'state': 'MI', 'latitude': 42.244612, 'longitude': -83.776629, 'price': 395000.0, 'dateSold': 1492153200000, 'bathrooms': 3.0, 'bedrooms': 4.0, 'livingArea': 2001.0, 'homeType': 'SINGLE_FAMILY', 'homeStatus': 'FOR_SALE', 'photoCount': 49, 'imageLink': 'https://photos.zillowstatic.com/p_g/IS7ear4n19iet40000000000.jpg', 'daysOnZillow': 15, 'isFeatured': False, 'shouldHighlight': False, 'brokerId': 15050, 'zestimate': 395003, 'rentZestimate': 2350, 'listing_sub_type': {'is_FSBA': True}, 'isUnmappable': False, 'mediumImageLink': 'https://photos.zillowstatic.com/p_c/IS7ear4n19iet40000000000.jpg', 'isPreforeclosureAuction': False, 'homeStatusForHDP': 'FOR_SALE', 'priceForHDP': 395000.0, 'timeOnZillow': 1596640980000, 'hiResImageLink': 'https://photos.zillowstatic.com/p_f/IS7ear4n19iet40000000000.jpg', 'watchImageLink': 'https://photos.zillowstatic.com/p_j/IS7ear4n19iet40000000000.jpg', 'tvImageLink': 'https://photos.zillowstatic.com/p_m/IS7ear4n19iet40000000000.jpg', 'tvCollectionImageLink': 'https://photos.zillowstatic.com/p_l/IS7ear4n19iet40000000000.jpg', 'tvHighResImageLink': 'https://photos.zillowstatic.com/p_n/IS7ear4n19iet40000000000.jpg', 'desktopWebHdpImageLink': 'https://photos.zillowstatic.com/p_h/IS7ear4n19iet40000000000.jpg', 'isNonOwnerOccupied': True, 'isPremierBuilder': False, 'isZillowOwned': False, 'currency': 'USD', 'country': 'USA', 'taxAssessedValue': 337400.0}",https://photos.zillowstatic.com/p_e/IS7ear4n19iet40000000000.jpg,395003.0,15,2350.0,42.244612,-83.776629
"2118 Pauline Blvd APT 106, Ann Arbor, MI 48103",Ann Arbor,MI,48103,125000.0,"1 bds, 1.0 ba ,732 sqft",Reinhart Realtors,https://www.zillow.com/homedetails/2118-Pauline-Blvd-APT-106-Ann-Arbor-MI-48103/24705036_zpid/,Condo for sale,"{'zpid': 24705036, 'streetAddress': '2118 Pauline Blvd APT 106', 'zipcode': '48103', 'city': 'Ann Arbor', 'state': 'MI', 'latitude': 42.267069, 'longitude': -83.77649, 'price': 125000.0, 'dateSold': 1506582000000, 'bathrooms': 1.0, 'bedrooms': 1.0, 'livingArea': 732.0, 'homeType': 'CONDO', 'homeStatus': 'FOR_SALE', 'photoCount': 20, 'imageLink': 'https://photos.zillowstatic.com/p_g/ISv0w5wfll8org1000000000.jpg', 'daysOnZillow': 0, 'isFeatured': False, 'shouldHighlight': False, 'brokerId': 5653, 'zestimate': 88098, 'rentZestimate': 1450, 'listing_sub_type': {'is_FSBA': True}, 'isUnmappable': False, 'mediumImageLink': 'https://photos.zillowstatic.com/p_c/ISv0w5wfll8org1000000000.jpg', 'isPreforeclosureAuction': False, 'homeStatusForHDP': 'FOR_SALE', 'priceForHDP': 125000.0, 'timeOnZillow': 1597939260000, 'hiResImageLink': 'https://photos.zillowstatic.com/p_f/ISv0w5wfll8org1000000000.jpg', 'watchImageLink': 'https://photos.zillowstatic.com/p_j/ISv0w5wfll8org1000000000.jpg', 'tvImageLink': 'https://photos.zillowstatic.com/p_m/ISv0w5wfll8org1000000000.jpg', 'tvCollectionImageLink': 'https://photos.zillowstatic.com/p_l/ISv0w5wfll8org1000000000.jpg', 'tvHighResImageLink': 'https://photos.zillowstatic.com/p_n/ISv0w5wfll8org1000000000.jpg', 'desktopWebHdpImageLink': 'https://photos.zillowstatic.com/p_h/ISv0w5wfll8org1000000000.jpg', 'isNonOwnerOccupied': True, 'isPremierBuilder': False, 'isZillowOwned': False, 'currency': 'USD', 'country': 'USA', 'taxAssessedValue': 88800.0, 'unit': 'Apt 106'}",https://photos.zillowstatic.com/p_e/ISv0w5wfll8org1000000000.jpg,88098.0,0,1450.0,42.267069,-83.77649
"402 Hiscock St, Ann Arbor, MI 48103",Ann Arbor,MI,48103,479900.0,"4 bds, 3.0 ba ,1614 sqft",,https://www.zillow.com/homedetails/402-Hiscock-St-Ann-Arbor-MI-48103/24697598_zpid/,For sale by owner,"{'zpid': 24697598, 'streetAddress': '402 Hiscock St', 'zipcode': '48103', 'city': 'Ann Arbor', 'state': 'MI', 'latitude': 42.28765, 'longitude': -83.75162, 'price': 479900.0, 'bathrooms': 3.0, 'bedrooms': 4.0, 'livingArea': 1614.0, 'homeType': 'SINGLE_FAMILY', 'homeStatus': 'FOR_SALE', 'photoCount': 11, 'imageLink': 'https://photos.zillowstatic.com/p_g/IS-ftrs4lga06zh.jpg', 'daysOnZillow': 6, 'isFeatured': False, 'shouldHighlight': False, 'brokerId': 0, 'zestimate': 512746, 'rentZestimate': 2175, 'listing_sub_type': {'is_FSBO': True}, 'isUnmappable': False, 'mediumImageLink': 'https://photos.zillowstatic.com/p_c/IS-ftrs4lga06zh.jpg', 'isPreforeclosureAuction': False, 'homeStatusForHDP': 'FOR_SALE', 'priceForHDP': 479900.0, 'timeOnZillow': 1597435440000, 'hiResImageLink': 'https://photos.zillowstatic.com/p_f/IS-ftrs4lga06zh.jpg', 'watchImageLink': 'https://photos.zillowstatic.com/p_j/IS-ftrs4lga06zh.jpg', 'tvImageLink': 'https://photos.zillowstatic.com/p_m/IS-ftrs4lga06zh.jpg', 'tvCollectionImageLink': 'https://photos.zillowstatic.com/p_l/IS-ftrs4lga06zh.jpg', 'tvHighResImageLink': 'https://photos.zillowstatic.com/p_n/IS-ftrs4lga06zh.jpg', 'desktopWebHdpImageLink': 'https://photos.zillowstatic.com/p_h/IS-ftrs4lga06zh.jpg', 'isNonOwnerOccupied': True, 'isPremierBuilder': False, 'isZillowOwned': False, 'currency': 'USD', 'country': 'USA', 'taxAssessedValue': 353400.0}",https://photos.zillowstatic.com/p_e/IS-ftrs4lga06zh.jpg,512746.0,6,2175.0,42.28765,-83.75162
"3087 Glazier Way, Ann Arbor, MI 48105",Ann Arbor,MI,48105,799000.0,"4 bds, 3.0 ba ,2913 sqft",Berkshire Hathaway HomeServices The Loft Warehouse,https://www.zillow.com/homedetails/3087-Glazier-Way-Ann-Arbor-MI-48105/24698765_zpid/,House for sale,"{'zpid': 24698765, 'streetAddress': '3087 Glazier Way', 'zipcode': '48105', 'city': 'Ann Arbor', 'state': 'MI', 'latitude': 42.288304, 'longitude': -83.700745, 'price': 799000.0, 'dateSold': 1433833200000, 'datePriceChanged': 1597722840000, 'bathrooms': 3.0, 'bedrooms': 4.0, 'livingArea': 2913.0, 'homeType': 'SINGLE_FAMILY', 'homeStatus': 'FOR_SALE', 'photoCount': 18, 'imageLink': 'https://photos.zillowstatic.com/p_g/ISz7ov144ovrbu0000000000.jpg', 'daysOnZillow': 28, 'isFeatured': False, 'shouldHighlight': False, 'brokerId': 13886, 'zestimate': 793836, 'rentZestimate': 2400, 'listing_sub_type': {'is_FSBA': True}, 'priceReduction': '$26,000 (Aug 17)', 'isUnmappable': False, 'mediumImageLink': 'https://photos.zillowstatic.com/p_c/ISz7ov144ovrbu0000000000.jpg', 'isPreforeclosureAuction': False, 'homeStatusForHDP': 'FOR_SALE', 'priceForHDP': 799000.0, 'priceChange': -26000, 'timeOnZillow': 1595477100000, 'hiResImageLink': 'https://photos.zillowstatic.com/p_f/ISz7ov144ovrbu0000000000.jpg', 'watchImageLink': 'https://photos.zillowstatic.com/p_j/ISz7ov144ovrbu0000000000.jpg', 'tvImageLink': 'https://photos.zillowstatic.com/p_m/ISz7ov144ovrbu0000000000.jpg', 'tvCollectionImageLink': 'https://photos.zillowstatic.com/p_l/ISz7ov144ovrbu0000000000.jpg', 'tvHighResImageLink': 'https://photos.zillowstatic.com/p_n/ISz7ov144ovrbu0000000000.jpg', 'desktopWebHdpImageLink': 'https://photos.zillowstatic.com/p_h/ISz7ov144ovrbu0000000000.jpg', 'isNonOwnerOccupied': True, 'isPremierBuilder': False, 'isZillowOwned': False, 'currency': 'USD', 'country': 'USA', 'taxAssessedValue': 557800.0}",https://photos.zillowstatic.com/p_e/ISz7ov144ovrbu0000000000.jpg,793836.0,28,2400.0,42.288304,-83.700745
"1850 Washtenaw Ave, Ann Arbor, MI 48104",Ann Arbor,MI,48104,1995000.0,"5 bds, 7.0 ba ,4964 sqft",Savarino Properties Inc,https://www.zillow.com/homedetails/1850-Washtenaw-Ave-Ann-Arbor-MI-48104/24707210_zpid/,House for sale,"{'zpid': 24707210, 'streetAddress': '1850 Washtenaw Ave', 'zipcode': '48104', 'city': 'Ann Arbor', 'state': 'MI', 'latitude': 42.268502, 'longitude': -83.72386, 'price': 1995000.0, 'bathrooms': 7.0, 'bedrooms': 5.0, 'livingArea': 4964.0, 'homeType': 'SINGLE_FAMILY', 'homeStatus': 'FOR_SALE', 'photoCount': 36, 'imageLink': 'https://photos.zillowstatic.com/p_g/ISbh3fugas4ayd1000000000.jpg', 'daysOnZillow': 9, 'isFeatured': False, 'shouldHighlight': False, 'brokerId': 13899, 'zestimate': 1980830, 'rentZestimate': 3000, 'listing_sub_type': {'is_FSBA': True}, 'isUnmappable': False, 'mediumImageLink': 'https://photos.zillowstatic.com/p_c/ISbh3fugas4ayd1000000000.jpg', 'isPreforeclosureAuction': False, 'homeStatusForHDP': 'FOR_SALE', 'priceForHDP': 1995000.0, 'timeOnZillow': 1597169520000, 'hiResImageLink': 'https://photos.zillowstatic.com/p_f/ISbh3fugas4ayd1000000000.jpg', 'watchImageLink': 'https://photos.zillowstatic.com/p_j/ISbh3fugas4ayd1000000000.jpg', 'tvImageLink': 'https://photos.zillowstatic.com/p_m/ISbh3fugas4ayd1000000000.jpg', 'tvCollectionImageLink': 'https://photos.zillowstatic.com/p_l/ISbh3fugas4ayd1000000000.jpg', 'tvHighResImageLink': 'https://photos.zillowstatic.com/p_n/ISbh3fugas4ayd1000000000.jpg', 'desktopWebHdpImageLink': 'https://photos.zillowstatic.com/p_h/ISbh3fugas4ayd1000000000.jpg', 'isNonOwnerOccupied': True, 'isPremierBuilder': False, 'isZillowOwned': False, 'currency': 'USD', 'country': 'USA', 'taxAssessedValue': 1046400.0}",https://photos.zillowstatic.com/p_e/ISbh3fugas4ayd1000000000.jpg,1980830.0,9,3000.0,42.268502,-83.72386
"309 Wilton St, Ann Arbor, MI 48103",Ann Arbor,MI,48103,639900.0,"4 bds, 2.0 ba ,1700 sqft",Coldwell Banker Weir Manuel,https://www.zillow.com/homedetails/309-Wilton-St-Ann-Arbor-MI-48103/24703073_zpid/,House for sale,"{'zpid': 24703073, 'streetAddress': '309 Wilton St', 'zipcode': '48103', 'city': 'Ann Arbor', 'state': 'MI', 'latitude': 42.285367, 'longitude': -83.770132, 'price': 639900.0, 'dateSold': 1531810800000, 'bathrooms': 2.0, 'bedrooms': 4.0, 'livingArea': 1700.0, 'homeType': 'SINGLE_FAMILY', 'homeStatus': 'FOR_SALE', 'photoCount': 42, 'imageLink': 'https://photos.zillowstatic.com/p_g/ISvkzl2d8d5t1y0000000000.jpg', 'daysOnZillow': 6, 'isFeatured': False, 'shouldHighlight': False, 'brokerId': 13899, 'zestimate': 640722, 'rentZestimate': 2250, 'listing_sub_type': {'is_FSBA': True}, 'isUnmappable': False, 'mediumImageLink': 'https://photos.zillowstatic.com/p_c/ISvkzl2d8d5t1y0000000000.jpg', 'isPreforeclosureAuction': False, 'homeStatusForHDP': 'FOR_SALE', 'priceForHDP': 639900.0, 'timeOnZillow': 1597437660000, 'hiResImageLink': 'https://photos.zillowstatic.com/p_f/ISvkzl2d8d5t1y0000000000.jpg', 'watchImageLink': 'https://photos.zillowstatic.com/p_j/ISvkzl2d8d5t1y0000000000.jpg', 'tvImageLink': 'https://photos.zillowstatic.com/p_m/ISvkzl2d8d5t1y0000000000.jpg', 'tvCollectionImageLink': 'https://photos.zillowstatic.com/p_l/ISvkzl2d8d5t1y0000000000.jpg', 'tvHighResImageLink': 'https://photos.zillowstatic.com/p_n/ISvkzl2d8d5t1y0000000000.jpg', 'desktopWebHdpImageLink': 'https://photos.zillowstatic.com/p_h/ISvkzl2d8d5t1y0000000000.jpg', 'isNonOwnerOccupied': True, 'isPremierBuilder': False, 'isZillowOwned': False, 'currency': 'USD', 'country': 'USA', 'taxAssessedValue': 418000.0}",https://photos.zillowstatic.com/p_e/ISvkzl2d8d5t1y0000000000.jpg,640722.0,6,2250.0,42.285367,-83.770132
"1415 N Folkstone Ct, Ann Arbor, MI 48105",Ann Arbor,MI,48105,575000.0,"4 bds, 3.0 ba ,2600 sqft",Keller Williams Ann Arbor,https://www.zillow.com/homedetails/1415-N-Folkstone-Ct-Ann-Arbor-MI-48105/24698878_zpid/,House for sale,"{'zpid': 24698878, 'streetAddress': '1415 N Folkstone Ct', 'zipcode': '48105', 'city': 'Ann Arbor', 'state': 'MI', 'latitude': 42.293864, 'longitude': -83.687328, 'price': 575000.0, 'dateSold': 1079510400000, 'datePriceChanged': 1597700580000, 'bathrooms': 3.0, 'bedrooms': 4.0, 'livingArea': 2600.0, 'homeType': 'SINGLE_FAMILY', 'homeStatus': 'FOR_SALE', 'photoCount': 50, 'imageLink': 'https://photos.zillowstatic.com/p_g/IS33rlpi0j9k050000000000.jpg', 'daysOnZillow': 21, 'isFeatured': False, 'shouldHighlight': False, 'brokerId': 15050, 'zestimate': 575003, 'rentZestimate': 2500, 'listing_sub_type': {'is_openHouse': True, 'is_FSBA': True}, 'openHouse': 'Sat. 2-4pm', 'priceReduction': '$24,000 (Aug 17)', 'isUnmappable': False, 'mediumImageLink': 'https://photos.zillowstatic.com/p_c/IS33rlpi0j9k050000000000.jpg', 'isPreforeclosureAuction': False, 'homeStatusForHDP': 'FOR_SALE', 'priceForHDP': 575000.0, 'open_house_info': {'open_house_showing': [{'open_house_start': 1598130000000, 'open_house_end': 1598137200000}]}, 'priceChange': -24000, 'timeOnZillow': 1596156300000, 'hiResImageLink': 'https://photos.zillowstatic.com/p_f/IS33rlpi0j9k050000000000.jpg', 'watchImageLink': 'https://photos.zillowstatic.com/p_j/IS33rlpi0j9k050000000000.jpg', 'tvImageLink': 'https://photos.zillowstatic.com/p_m/IS33rlpi0j9k050000000000.jpg', 'tvCollectionImageLink': 'https://photos.zillowstatic.com/p_l/IS33rlpi0j9k050000000000.jpg', 'tvHighResImageLink': 'https://photos.zillowstatic.com/p_n/IS33rlpi0j9k050000000000.jpg', 'desktopWebHdpImageLink': 'https://photos.zillowstatic.com/p_h/IS33rlpi0j9k050000000000.jpg', 'isNonOwnerOccupied': True, 'isPremierBuilder': False, 'isZillowOwned': False, 'currency': 'USD', 'country': 'USA', 'taxAssessedValue': 440000.0}",https://photos.zillowstatic.com/p_e/IS33rlpi0j9k050000000000.jpg,575003.0,21,2500.0,42.293864,-83.687328
"1589 Oakfield Dr, Ann Arbor, MI 48108",Ann Arbor,MI,48108,173900.0,"2 bds, 2.0 ba ,1212 sqft",Reinhart Realtors,https://www.zillow.com/homedetails/1589-Oakfield-Dr-Ann-Arbor-MI-48108/24720444_zpid/,Condo for sale,"{'zpid': 24720444, 'streetAddress': '1589 Oakfield Dr', 'zipcode': '48108', 'city': 'Ann Arbor', 'state': 'MI', 'latitude': 42.236596, 'longitude': -83.761186, 'price': 173900.0, 'dateSold': 1021014000000, 'bathrooms': 2.0, 'bedrooms': 2.0, 'livingArea': 1212.0, 'homeType': 'CONDO', 'homeStatus': 'FOR_SALE', 'photoCount': 22, 'imageLink': 'https://photos.zillowstatic.com/p_g/IS7qnx7cvwel5e1000000000.jpg', 'daysOnZillow': 11, 'isFeatured': False, 'shouldHighlight': False, 'brokerId': 5653, 'zestimate': 173900, 'rentZestimate': 1500, 'listing_sub_type': {'is_FSBA': True}, 'isUnmappable': False, 'mediumImageLink': 'https://photos.zillowstatic.com/p_c/IS7qnx7cvwel5e1000000000.jpg', 'isPreforeclosureAuction': False, 'homeStatusForHDP': 'FOR_SALE', 'priceForHDP': 173900.0, 'timeOnZillow': 1596945660000, 'hiResImageLink': 'https://photos.zillowstatic.com/p_f/IS7qnx7cvwel5e1000000000.jpg', 'watchImageLink': 'https://photos.zillowstatic.com/p_j/IS7qnx7cvwel5e1000000000.jpg', 'tvImageLink': 'https://photos.zillowstatic.com/p_m/IS7qnx7cvwel5e1000000000.jpg', 'tvCollectionImageLink': 'https://photos.zillowstatic.com/p_l/IS7qnx7cvwel5e1000000000.jpg', 'tvHighResImageLink': 'https://photos.zillowstatic.com/p_n/IS7qnx7cvwel5e1000000000.jpg', 'desktopWebHdpImageLink': 'https://photos.zillowstatic.com/p_h/IS7qnx7cvwel5e1000000000.jpg', 'isNonOwnerOccupied': True, 'isPremierBuilder': False, 'isZillowOwned': False, 'currency': 'USD', 'country': 'USA', 'taxAssessedValue': 173000.0}",https://photos.zillowstatic.com/p_e/IS7qnx7cvwel5e1000000000.jpg,173900.0,11,1500.0,42.236596,-83.761186
"4158 Glen Eagles Ct, Ann Arbor, MI 48103",Ann Arbor,MI,48103,950000.0,"4 bds, 6.0 ba ,3407 sqft",Reinhart Realtors,https://www.zillow.com/homedetails/4158-Glen-Eagles-Ct-Ann-Arbor-MI-48103/24684575_zpid/,House for sale,"{'zpid': 24684575, 'streetAddress': '4158 Glen Eagles Ct', 'zipcode': '48103', 'city': 'Ann Arbor', 'state': 'MI', 'latitude': 42.347895, 'longitude': -83.81462, 'price': 950000.0, 'dateSold': 1435143600000, 'bathrooms': 6.0, 'bedrooms': 4.0, 'livingArea': 3407.0, 'homeType': 'SINGLE_FAMILY', 'homeStatus': 'FOR_SALE', 'photoCount': 96, 'imageLink': 'https://photos.zillowstatic.com/p_g/ISfk8wu7vbqv9v0000000000.jpg', 'daysOnZillow': 6, 'isFeatured': False, 'shouldHighlight': False, 'brokerId': 5653, 'zestimate': 944304, 'rentZestimate': 3556, 'listing_sub_type': {'is_FSBA': True}, 'isUnmappable': False, 'mediumImageLink': 'https://photos.zillowstatic.com/p_c/ISfk8wu7vbqv9v0000000000.jpg', 'isPreforeclosureAuction': False, 'homeStatusForHDP': 'FOR_SALE', 'priceForHDP': 950000.0, 'timeOnZillow': 1597442460000, 'hiResImageLink': 'https://photos.zillowstatic.com/p_f/ISfk8wu7vbqv9v0000000000.jpg', 'watchImageLink': 'https://photos.zillowstatic.com/p_j/ISfk8wu7vbqv9v0000000000.jpg', 'tvImageLink': 'https://photos.zillowstatic.com/p_m/ISfk8wu7vbqv9v0000000000.jpg', 'tvCollectionImageLink': 'https://photos.zillowstatic.com/p_l/ISfk8wu7vbqv9v0000000000.jpg', 'tvHighResImageLink': 'https://photos.zillowstatic.com/p_n/ISfk8wu7vbqv9v0000000000.jpg', 'desktopWebHdpImageLink': 'https://photos.zillowstatic.com/p_h/ISfk8wu7vbqv9v0000000000.jpg', 'isNonOwnerOccupied': True, 'isPremierBuilder': False, 'isZillowOwned': False, 'currency': 'USD', 'country': 'USA', 'taxAssessedValue': 734800.0}",https://photos.zillowstatic.com/p_e/ISfk8wu7vbqv9v0000000000.jpg,944304.0,6,3556.0,42.347895,-83.81462
"3601 Elizabeth Rd, Ann Arbor, MI 48103",Ann Arbor,MI,48103,315000.0,"3 bds, 2.0 ba ,1159 sqft",Howard Hanna - Ann Arbor,https://www.zillow.com/homedetails/3601-Elizabeth-Rd-Ann-Arbor-MI-48103/24690107_zpid/,House for sale,"{'zpid': 24690107, 'streetAddress': '3601 Elizabeth Rd', 'zipcode': '48103', 'city': 'Ann Arbor', 'state': 'MI', 'latitude': 42.290108, 'longitude': -83.801887, 'price': 315000.0, 'dateSold': 888998400000, 'datePriceChanged': 1597783740000, 'bathrooms': 2.0, 'bedrooms': 3.0, 'livingArea': 1159.0, 'homeType': 'SINGLE_FAMILY', 'homeStatus': 'FOR_SALE', 'photoCount': 33, 'imageLink': 'https://photos.zillowstatic.com/p_g/ISb918xp4pi2dm1000000000.jpg', 'daysOnZillow': 7, 'isFeatured': False, 'shouldHighlight': False, 'brokerId': 10928, 'zestimate': 315001, 'rentZestimate': 1800, 'listing_sub_type': {'is_openHouse': True, 'is_FSBA': True}, 'openHouse': 'Sun. 2-4pm', 'priceReduction': '$14,900 (Aug 18)', 'isUnmappable': False, 'mediumImageLink': 'https://photos.zillowstatic.com/p_c/ISb918xp4pi2dm1000000000.jpg', 'isPreforeclosureAuction': False, 'homeStatusForHDP': 'FOR_SALE', 'priceForHDP': 315000.0, 'open_house_info': {'open_house_showing': [{'open_house_start': 1598216400000, 'open_house_end': 1598223600000}]}, 'priceChange': -14900, 'timeOnZillow': 1597303380000, 'hiResImageLink': 'https://photos.zillowstatic.com/p_f/ISb918xp4pi2dm1000000000.jpg', 'watchImageLink': 'https://photos.zillowstatic.com/p_j/ISb918xp4pi2dm1000000000.jpg', 'tvImageLink': 'https://photos.zillowstatic.com/p_m/ISb918xp4pi2dm1000000000.jpg', 'tvCollectionImageLink': 'https://photos.zillowstatic.com/p_l/ISb918xp4pi2dm1000000000.jpg', 'tvHighResImageLink': 'https://photos.zillowstatic.com/p_n/ISb918xp4pi2dm1000000000.jpg', 'desktopWebHdpImageLink': 'https://photos.zillowstatic.com/p_h/ISb918xp4pi2dm1000000000.jpg', 'isNonOwnerOccupied': True, 'isPremierBuilder': False, 'isZillowOwned': False, 'currency': 'USD', 'country': 'USA', 'taxAssessedValue': 221400.0}",https://photos.zillowstatic.com/p_e/ISb918xp4pi2dm1000000000.jpg,315001.0,7,1800.0,42.290108,-83.801887
"2690 Overridge Dr, Ann Arbor, MI 48104",Ann Arbor,MI,48104,535000.0,"4 bds, 2.0 ba ,1488 sqft",Coldwell Banker Weir Manuel,https://www.zillow.com/homedetails/2690-Overridge-Dr-Ann-Arbor-MI-48104/24709802_zpid/,House for sale,"{'zpid': 24709802, 'streetAddress': '2690 Overridge Dr', 'zipcode': '48104', 'city': 'Ann Arbor', 'state': 'MI', 'latitude': 42.261542, 'longitude': -83.7064, 'price': 535000.0, 'dateSold': 1535007600000, 'datePriceChanged': 1597844880000, 'bathrooms': 2.0, 'bedrooms': 4.0, 'livingArea': 1488.0, 'homeType': 'SINGLE_FAMILY', 'homeStatus': 'FOR_SALE', 'photoCount': 24, 'imageLink': 'https://photos.zillowstatic.com/p_g/ISjv7ylz8gkctq1000000000.jpg', 'daysOnZillow': 84, 'isFeatured': False, 'shouldHighlight': False, 'brokerId': 13899, 'zestimate': 528705, 'rentZestimate': 2400, 'listing_sub_type': {'is_FSBA': True}, 'priceReduction': '$15,000 (Aug 19)', 'isUnmappable': False, 'mediumImageLink': 'https://photos.zillowstatic.com/p_c/ISjv7ylz8gkctq1000000000.jpg', 'isPreforeclosureAuction': False, 'homeStatusForHDP': 'FOR_SALE', 'priceForHDP': 535000.0, 'priceChange': -15000, 'timeOnZillow': 1590680280000, 'hiResImageLink': 'https://photos.zillowstatic.com/p_f/ISjv7ylz8gkctq1000000000.jpg', 'watchImageLink': 'https://photos.zillowstatic.com/p_j/ISjv7ylz8gkctq1000000000.jpg', 'tvImageLink': 'https://photos.zillowstatic.com/p_m/ISjv7ylz8gkctq1000000000.jpg', 'tvCollectionImageLink': 'https://photos.zillowstatic.com/p_l/ISjv7ylz8gkctq1000000000.jpg', 'tvHighResImageLink': 'https://photos.zillowstatic.com/p_n/ISjv7ylz8gkctq1000000000.jpg', 'videoCount': 1, 'desktopWebHdpImageLink': 'https://photos.zillowstatic.com/p_h/ISjv7ylz8gkctq1000000000.jpg', 'isNonOwnerOccupied': True, 'isPremierBuilder': False, 'isZillowOwned': False, 'currency': 'USD', 'country': 'USA', 'taxAssessedValue': 452400.0}",https://photos.zillowstatic.com/p_e/ISjv7ylz8gkctq1000000000.jpg,528705.0,84,2400.0,42.261542,-83.7064
